sensor0,sensor1,sensor2,target
843.8852385076382,300.9260048516097,843.9496721622205,199.9999999997325
823.5376617989753,297.86424896055433,822.5663141277322,200.00000091648235
837.0318404026382,301.01896116212396,834.7156037138359,200.00001242649958
847.4927966775571,301.65545622924265,848.4704866285113,199.99999906544804
857.3420630093808,350.9869824480643,860.3815907834783,199.99997191862633
856.5130315433692,341.2999208587403,856.2175142204804,200.00000002580768
851.1314347193021,327.95496825825916,854.3899277898279,199.99996540204694
852.4132619111621,313.1997151366076,849.4656496580116,200.00002561008733
844.6583867345842,299.94595472347413,846.0064921368564,199.99999754996918
844.0539138799554,299.0111461971265,841.5180874659758,200.00001630641773
844.4717356227353,301.318428921703,847.4077690681823,199.99997469053324
845.1018681907086,298.73852775978577,843.6136240714566,200.0000032962681
843.9137521665825,298.91187767459473,849.1177493699155,199.99985906749754
843.2885008788796,299.8715032274331,840.67709721783,200.00001780828208
839.0147921370273,300.5252309873094,839.9533816578383,199.9999991731493
846.9763853331035,301.4253532870655,841.0896557008226,200.00020399629017
846.1273543074101,302.0308634266158,849.1629348993145,199.99997202788518
845.9301209024986,297.94424374587413,847.0286411158432,199.9999986743644
847.468944989873,299.19848097456156,849.7332178946139,199.99998839122728
847.4418078007578,299.97692813170823,847.1272849121519,200.00000003111407
846.9903442003866,296.24350408035866,846.5368024010866,200.00000009329364
851.5797448350951,302.923513143733,849.4040946853905,200.00001029833896
844.553597030947,302.7588819836804,847.0507768681431,199.99998442781842
846.479989601566,302.7762895614616,849.0814898912143,199.99998239355656
845.3745583853898,298.626020636319,852.172848358641,199.99968580515525
848.2634537428003,299.79016146283595,849.7223518372833,199.99999689490514
847.6313857457252,298.74401708634196,847.6009338576072,200.00000000002825
847.9377537408182,300.9079623008698,845.7149188237449,200.00001098301635
849.9718590549211,299.4281969791821,845.5579792313005,200.0000859926858
845.1159621154925,300.3519469881419,845.1445508596048,199.99999999997664
840.7336809071043,299.1342857423877,845.373674093576,199.99990010309608
844.4978866682878,299.9719087220817,848.549585100162,199.99993348626435
843.9381622274864,300.5431213589351,841.1548299693715,200.00002156230371
840.4867366041481,300.25123177218427,847.3239346614497,199.99968037960664
844.231411764937,300.47381593028683,845.6312349132357,199.99999725703975
842.7518825051819,299.57459013106717,846.5604084665797,199.99994475782606
843.0387029005052,301.3773809541867,846.4030558270657,199.99996191932453
846.0680005132642,300.1168384617762,844.7566228991619,200.00000225519082
846.1471419880222,298.1324952548593,844.2724300245694,200.00000658875945
845.9623733377762,301.50612121947233,844.1287054003817,200.00000616541158
848.827674293349,302.35846260236383,845.7339888722096,200.00002960932127
843.705449396547,298.55749972862634,843.4949456743243,200.0000000093278
847.0778878833853,298.68481352694437,843.0508081786105,200.00006530864542
846.5908621860364,300.78194942025306,847.3862879173967,199.99999949673247
846.9129021230019,300.95612731161634,849.9559955318311,199.99997181968456
848.071033911197,298.81337447363984,847.8714161629968,200.0000000079542
846.1514948452404,299.94891976882434,848.1809612315501,199.99999164116818
849.5664495932474,302.15456622750685,848.1221935042129,200.0000030125386
848.4929720479571,302.24380749940616,848.6497615169524,199.99999999614565
849.0962915255255,298.29702628608663,847.2752461968018,200.0000060389616
847.0326624563168,299.0758937349057,845.5059631081564,200.00000355844747
846.9864675049257,299.4823182975891,848.6124956151009,199.99999570083466
845.9643832494311,301.0100493134748,846.6567269256152,199.99999966813215
848.3840152691425,300.29046857802786,849.6857588350832,199.99999779414827
843.1350801885426,298.18894552463775,847.5565862024599,199.99991356081566
839.5663702709243,298.98371793716836,844.0607156487839,199.99990921808683
845.0869264694282,298.6986218550053,845.3883261503062,199.99999997262032
844.4805846271436,299.82834639973834,844.0502625720035,200.00000007968578
843.3985424565623,300.58943905185976,841.9527337448783,200.0000030222648
846.2771532922243,298.28397408236793,844.3933096445752,200.00000668551036
843.232773552038,301.051468098136,843.8292992614017,199.99999978773056
846.7890662840819,301.1353148319335,844.7426175226453,200.00000857043028
847.5808485187562,300.60001044254875,844.6614499655615,200.00002488170665
842.6206337159373,298.5410156742976,840.1058549712303,200.00001590374276
841.3854692175273,301.6181600302586,844.7282525542554,199.99996264706897
849.4209318902514,299.685910290139,844.0017035914043,200.0001591520883
848.9637571837986,299.933230538377,842.6674222533441,200.000249610854
846.4509231828052,301.06692882662554,845.2590558994639,200.00000169310422
845.7327769582095,300.9697296738953,847.2040031225515,199.9999968155215
849.9475852502951,301.39039101889676,847.4222462820507,200.0000161049374
849.0463417018899,299.8617318722981,846.6197730928709,200.00001428820673
849.0986226761803,300.2700081381647,846.2179424991892,200.00002390480097
847.4803630739659,302.55636816012327,846.2480672239064,200.00000187130664
848.2896778868079,301.36504634158786,846.1705658121032,200.00000951616093
848.803512971776,298.6516076918099,848.6527485073236,200.00000000342686
844.9674868417204,299.0939865334584,846.2770383706396,199.99999775421708
847.0270803328101,300.7804805906332,850.6463873524772,199.99995258931006
853.531160510642,300.0729237433948,848.1890715392075,200.00015245207874
847.0014235360428,302.22181156757875,845.9131620918271,200.00000128884216
850.9006125700955,301.806133275911,848.8741310071663,200.00000832200496
847.2619243064125,300.4629566814657,846.0368984622696,200.00000183838196
846.432587219034,299.13437432453424,844.158434199121,200.00001176140083
844.8816831416917,300.1812415907193,845.2780488925788,199.99999993772863
842.2814048142078,299.1939735608905,845.9367416791837,199.99995115926183
844.9417686459796,297.5396132668179,842.9823330362103,200.0000075230334
846.8007843620679,297.7727370647366,842.5321886358904,200.0000777776963
845.1007794284433,300.17556176610617,846.1544260046734,199.999998830272
846.3357816917406,301.47457454062095,841.4243283622903,200.00011847591315
844.9293080032221,299.1874522690003,844.1090166676956,200.00000055195588
843.9202056966362,299.6605007699729,843.6141946666797,200.0000000286557
845.5319434013552,301.35175048988197,845.0409742610537,200.00000011834845
847.3382933014339,300.4621373867537,847.0893444684823,200.00000001542872
301.78061262575966,298.79519690546255,848.246731989322,36.81143509439059
847.420042728235,298.8111607960541,847.0722485660666,200.00000004206944
846.2905479223812,301.298885227412,845.997874175526,200.00000002506982
841.6447699785809,301.6335024655303,851.2098818171517,199.99912487486645
849.0664086445402,301.1146145526139,843.4466831423894,200.00017747831973
850.264431679557,302.04241738768724,844.9327112564825,200.0001515661103
851.1445109223167,300.23749197021215,846.7577209369001,200.0000844190635
846.3239086486833,303.46730307320587,847.7098417647686,199.99999733788496
850.6460453696499,298.58926456004644,849.4620861543822,200.00000165962598
848.313423730567,300.81848457839817,845.6864713111846,200.00001812828083
843.9315499420284,299.2931031980744,847.5457899162433,199.99995278815692
851.9756790445979,300.5442488203793,847.041463753817,200.00012013077654
846.1982218162448,300.692771474785,844.6775153503656,200.00000351670693
298.35555258506605,300.83089630266386,843.1370534606755,38.31599605974472
850.5221240436833,300.21082202468205,841.2010112997485,200.00080984756946
844.7733024772238,297.22069911125107,846.1873576326083,199.99999717252322
841.3829838690049,303.22745080962267,846.3572964977249,199.99987691667218
840.6179165645699,299.1181735398041,843.3977479754653,199.99997851895654
801.7486348681394,302.00737213538156,843.7205094796363,199.92606073990748
679.1754423621537,301.0217536406795,843.9849094939309,195.5234188090559
626.209081692907,300.5904612464429,846.3013257638472,189.3386005441953
508.4807796643819,300.0352938639526,846.4548046123621,161.3944297973972
299.9517110923263,300.50685730789047,843.9439258180876,39.01772772983557
807.5670360698523,299.8539094567584,846.1204873973834,199.94269536016796
753.2331473038735,301.00313124823333,848.0557428052556,199.14741926276193
687.5324649182136,300.4213150783098,847.5508723385385,195.9025861474729
511.09762459828835,298.56773925146894,845.9588309656942,162.45133398893648
295.95154903632465,301.1037470254883,847.5050063211272,32.21125193645878
848.8644165027448,300.51457666371476,848.3610353290251,200.00000012755308
848.3164859156287,302.13248658881,847.9986132406895,200.00000003211883
851.0549613613881,301.8408032133162,846.9845315842754,200.0000674405029
848.7007520502576,301.4742901426766,845.0471589509347,200.0000487708736
849.1911788744277,300.33738819419,845.7696424890581,200.00004005562275
846.0963335703902,298.28583662570406,848.077860153225,199.9999922196397
848.7194232279583,300.9576627519822,847.3411746776309,200.0000026180783
801.4705162755497,301.322707257401,846.809080108312,199.90680271146962
684.4563079949351,297.3864063772305,844.9829318012168,195.8634220259636
549.6832275450853,300.7870962220508,847.1531976125508,173.67736333032255
302.06335096113077,301.1063394407258,846.0006565905835,39.06647014925997
808.6182818143791,303.22358931975845,844.2097719869681,199.95491433131107
753.2648047305119,298.84851049965727,845.5377780223824,199.214360075853
600.7319292893606,301.52607129252374,846.9114173567376,185.0804545191783
299.1437505139397,300.40855341304535,848.0036517999671,34.65749635348104
755.338815145687,302.1903280186158,843.4107689758084,199.31685500142473
750.6400187300071,301.035462715021,844.784714847012,199.16557448807646
684.2113750559472,300.61176966116574,847.8793698383236,195.61579064168316
847.878803691156,298.5017117733712,847.3124945161875,200.0000001816188
847.089527722844,298.0140687344665,838.9988974083576,200.0005295988973
802.5719865425455,301.2642544221239,851.35276886927,199.88392297114635
685.6028871382556,300.7099566130858,847.2534575971321,195.7759239882094
516.3367648643289,298.67916945537735,846.4491534584699,164.02627013999037
300.3385497139633,298.9923569075237,850.3969414249606,33.57200389624424
800.9635125244404,299.1452152073139,846.2229240286068,199.90728997292092
688.0715398880943,302.96385633494384,845.8051378220109,196.07560576263086
633.6819920200488,301.9241849566956,851.5684254622496,189.65595097786783
516.8965164386344,302.41126792186776,849.9600426889301,163.05282588108764
850.0410472623877,300.4183837064066,850.5195865821152,199.99999989041456
844.9268469008304,300.5638058913554,849.8862876940274,199.9998780173315
845.2497440696217,304.7562660284062,846.7169859245271,199.9999968413237
846.3423719993135,300.19011659784474,845.8892174614548,200.00000009305484
798.6028118348743,299.28977438975716,846.3181915033825,199.89136365353045
803.8858489651356,299.85679681950063,845.5153287548935,199.92785554588104
682.4747548151798,299.7959787289871,850.8285646076032,195.22834708155546
628.3169920966541,298.2143029617591,846.4535580057483,189.62028532539975
847.7489367024051,301.90696676899313,847.1163636756074,200.00000025312323
847.758190739867,297.4758313261666,843.3655411331548,200.00008475780194
837.2452574589165,299.3940851290919,843.0459899932972,199.99980481406328
778.9337894372919,299.5717188888223,847.2060853053711,199.6817755659405
661.2494667206511,299.86873164375334,844.3791920784872,193.85847064135217
299.2012128594041,300.42610947694146,845.1792733110003,37.24828480280527
836.5530924441382,302.70881297245995,847.2884248333495,199.99876278126723
777.0938034364566,299.8405500627755,848.9796470194651,199.6285245472402
738.816016818246,301.8529137745948,849.4883195232151,198.64444595092894
515.0535682476358,297.6625715937992,842.7582644602895,164.80767210466774
806.7794959465652,299.15287004573014,845.2197292389164,199.94319873024787
683.1298273233542,299.244209303247,848.5483538545196,195.47360506584974
631.2127716143948,299.3457522270017,847.4631979427558,189.88721167371872
631.4932217758983,299.9120284170103,846.5620152387249,190.0520820137283
514.7474016664128,298.1964852245101,847.6372434736539,163.11059687415465
841.3960253183335,302.3121730183737,851.2763047318094,199.99903548790135
785.771584551118,301.8505680311889,849.5183536477078,199.74095540540878
742.3279765587071,301.4515984479578,850.9699459782706,198.7176904130848
517.5371180189309,298.44464205691924,849.5757248433644,163.39286431956845
300.73218424079624,301.3648544149934,848.2868780794097,35.83426375155298
806.0595376716778,300.6493959360317,850.0978381002099,199.9145933574211
846.578061209988,300.3612731144285,844.6452254693676,200.00000722079213
846.0384832062771,303.0785957935367,845.771058847509,200.00000001912505
801.5801199081951,301.0058252060698,847.4477267144058,199.90350201545658
681.8815560423774,298.9255438283555,846.1877218604849,195.5643059449153
468.17631392145245,299.83001478317254,847.3210959835214,145.4976472428138
844.0756867425793,300.47658564150623,843.7084219662117,200.00000004953793
763.9724053785301,301.25511071214896,846.5830246618217,199.4362226375908
505.8806072167697,300.2933114989932,841.7154593521133,162.12285011248122
300.87936016781674,297.8502939009552,843.8272989640369,39.943039166569974
679.409509211501,302.7454341140893,840.5130480016646,195.81866233405478
845.6408673730776,299.35956096088904,844.2828657243407,200.00000250438384
846.2259393140406,301.2719123111422,844.8209061745675,200.0000027737014
842.9525909174351,300.42695730713405,845.0994992040054,199.9999901044377
768.8230873749123,300.10434069441266,845.1486977487756,199.55535761587745
515.5715438449656,296.68186350852807,849.2738883620666,162.83982301553868
804.5519779553147,302.24547510767087,849.7109049599671,199.90790610463057
686.9437525321619,298.41556297448597,848.2419375519678,195.80348826618211
629.0326387945538,298.31914046462003,848.6645584180485,189.4053559016493
842.6586343812764,300.6841008504467,846.4263781968766,199.9999465135102
844.136054099503,301.99685997819,846.6420893463827,199.99998426156571
691.160349413077,301.2069700194663,847.4460580347115,196.18268675906256
299.8066978562384,301.34475914192325,850.6570571459258,32.852105196683965
518.4083943011684,302.12226557033034,848.643948258041,163.98598957840994
845.9934587451015,301.38147245439853,845.8053913399876,200.00000000665182
626.5039470052916,300.3296724454396,710.0314264666358,199.41724215479843
398.09904370636445,299.09577007655884,708.686286823739,170.03937689208212
298.99635694419453,298.4909401486522,706.4179811961727,132.3711149643823
523.6405660046174,300.1187195051515,705.6553638608294,193.96996138786807
520.8442301818577,300.2121464813725,703.3498167665844,193.92105115334974
705.7881203948432,299.9880362044957,703.7150858880347,200.0000089088079
589.8893119244732,300.1579726939438,703.5258202399226,198.53258267466202
315.4419715820403,299.977708477184,702.2118923921607,142.14271174354735
453.4844227772847,299.59755313403355,706.0938784782632,183.88060234331516
299.717930764022,301.3132430569874,706.0176562593545,132.92825789834444
301.64238750816133,299.8901396299729,705.4328838524135,134.1632658583856
581.7279624835743,301.80986311734415,701.8583867984223,198.2663595435993
371.8852584378473,298.92051989692794,701.5052909294225,164.18699250830593
604.4440699319839,299.1549764076298,704.0974547305616,199.0103624550564
374.1046503007202,300.6424174136042,709.2175259941295,162.36660976985652
697.6416484320639,299.2799172306772,708.5199427939127,199.99871269214472
606.5571981124656,299.73837138018337,708.4332146828668,198.9426570689119
380.1122871056967,300.7101750206391,708.2213844133954,164.67722491266014
609.3568873108977,301.661084757322,709.2201877881694,199.00409538220848
383.3350739392719,301.69401815390813,710.945853577562,164.83792064053642
385.129945493752,301.88793861204846,710.6248747837493,165.51480532886967
576.6331774487594,302.33585937003284,706.9365185458337,197.7875846922959
303.27895421078205,300.2432745409971,711.9353590664522,131.7543570018763
382.10393298338437,298.7909685965578,707.6218047058866,165.50751277270058
377.52284962197155,300.16014163817044,709.1119805280363,163.5413268362313
606.9295396866962,300.9330180054054,705.7340440342529,199.03543781523098
399.30383972582104,299.0007079664621,708.3753558694139,170.47588095971906
301.9119793418925,300.73634749092963,704.388602694007,134.8038452043376
625.0041445831574,298.5850591719647,703.2340069088652,199.52124017690085
506.7750906063915,299.13099392412175,704.501890325564,192.26969531661422
695.0660706852526,299.70067498108864,704.328053514903,199.99920546704612
603.4747126224514,299.8121625533949,704.9446357912691,198.95525092667384
370.65152185569514,300.4168302796216,703.7276784753458,163.0486224113381
572.0085990298752,300.96969221629763,702.5675839862347,197.77453742701903
569.6816317715198,300.0143358973093,703.3832012097688,197.6099360816372
660.3158160523005,298.2611834496295,705.5057414609765,199.90771632661716
371.02174291860734,297.8700824360677,707.6067881535515,161.8684509830688
299.0771267689149,300.2731318114104,704.5938825572485,133.31526780806115
301.7731726038069,297.2326414120083,707.3055248497691,133.30757328801988
663.2801398990421,300.4817365100399,708.7630121237481,199.90590996129168
375.7813106047572,297.7623342521759,706.973468610979,163.67211325671917
605.9254377938538,303.06323578270155,709.204070666193,198.89838094033027
378.4888003612675,298.1213789463412,710.1594117382273,163.51444356761806
381.840035956862,299.1537788760301,709.274645139619,164.89461464567566
609.7932253518113,299.12535096323194,714.0122111167689,198.8680153775105
387.2450152314637,300.7133211622618,710.4136843832707,166.24891417602987
601.9397708170003,298.77081957555873,710.684702239918,198.71404115127456
597.7547005766255,300.2218918906058,711.4477155919005,198.5303925295096
566.2095483424567,301.9144946422676,710.4194447848452,197.00093972044945
296.73897590626484,299.19601150572964,710.1403017747043,129.34944212282105
298.1079884849213,299.28315234786385,712.6171756561985,128.77991591946096
299.44120125084737,297.6600292518098,709.9961796106016,130.7987454010369
421.9927429466028,300.6753916115119,706.6392047305627,176.93691660315602
642.3137598665426,300.19992608049574,704.0748672664672,199.76441630813815
643.8507449598857,298.51001736320103,706.3812640654195,199.75550155456312
491.4998780038263,299.0363400615852,702.3006094587407,190.63265877746554
629.5344230932485,301.1353131619105,708.7888251932643,199.50218247427483
395.70885938222045,299.3156509796901,704.9937715454959,170.41468463291707
588.4405283330937,300.3449085730019,701.3485997914731,198.5606216425803
589.6537055261997,299.0506060624175,702.4297772878923,198.5656640314863
558.1521957301062,301.3665368167211,704.659202161425,196.85532923208285
300.1215930283747,299.9843533776407,702.3244354901708,134.9368019111182
301.22995552202735,300.86001330833886,705.9548129088383,133.70517384251326
299.8496584679991,298.9926951753491,707.9851986166908,132.0149778453091
418.88483646472343,300.27590366718334,707.0890894629277,176.06126726396533
643.6372840720827,300.21809648842753,707.1487950615805,199.74381285419446
639.3732933142459,301.6075497342329,702.1057521484684,199.753125103517
709.8791369966326,298.7565423420556,707.8756288796494,200.0000080421713
707.3794630537269,302.46263655795894,712.0630250046828,199.999897262544
682.4995432666766,301.7884732283284,711.2962567542235,199.97612030496148
701.7993026883286,299.82560531589957,708.134837653916,199.9997456979411
707.5691337994114,299.86811766164163,710.015770301024,199.9999853543601
711.3363988759967,300.8603789593537,714.7669932559996,199.9999596254109
707.3361929356455,298.2232770486766,707.6219888448419,199.9999999766564
709.0757616522523,300.2257694886538,708.5417093781518,200.00000015231802
712.2619475269066,298.8039892241313,706.3092948164134,200.0002109267384
711.2104799315373,299.66698849642177,711.891816720917,199.99999968370994
709.432812335359,299.352361995718,706.1869518134044,200.0000341971223
565.0151322068226,297.3097129318882,703.2451465449197,197.35876490533593
577.0695345157125,300.4401989256669,707.3231092824537,197.790118665958
300.8254381657779,299.35466507639154,704.5871107008231,134.17736373852074
634.125755554723,300.62768407904645,702.3869894287955,199.6819302242715
698.3341147341208,301.50839138290377,702.2727507087687,199.99993890051778
487.35120627470286,299.0231879987768,703.6197580071629,189.88466859796168
300.4706010408091,301.48504943578854,705.4349400607773,133.58742133167232
488.09752997438466,299.3743554001948,702.8843722722424,190.0911553476768
487.42891822783207,300.0013429159985,702.9097302764652,189.9947991667557
299.46965512078947,298.67819370621106,703.8246998774191,133.8867362194336
491.2075202682209,299.6920036494785,704.459047451161,190.30212794687318
298.7358672853228,298.68785857792074,699.9533995083341,135.41380386644653
300.04862739189537,300.57230330725406,709.6709830608024,131.26927067328182
564.9660574682484,298.5725264273686,702.8910066296675,197.3762134730244
300.51501919953523,298.9055266058062,709.498780722223,131.5902198426287
495.09877941747743,299.6493940493665,709.1573951747445,190.1916006923511
496.2610113854958,299.1577390638062,707.4135985821359,190.5856742546568
302.49644734349727,299.4798742287696,709.3907008309737,132.63339375972282
580.2814224551793,301.4950460755666,706.4055648563233,197.99370551832018
301.4469788501463,300.5887194858039,711.1412225412605,131.2330779462432
303.0131277219181,300.7924924722596,712.1048880348222,131.53601139723384
578.7210607447847,301.5217624585963,708.2939814273249,197.82458186456316
298.38348310148575,300.26931794177926,708.942715898606,130.79659405369176
498.4140712539246,299.8492043437027,713.1091978399883,190.1038433976849
496.3701601423254,298.0201663775835,708.1677676600598,190.49913493917146
300.4063500062419,300.53927959826797,707.8200976643684,132.3750372522296
494.4645097500657,300.73360639634825,706.3840690330705,190.4827138679035
491.69536797096777,299.1211053553906,703.7944050162481,190.45851239803747
299.12043630456566,300.57097660213645,705.8277334033602,132.72621024456186
490.1503488125415,301.33643541864853,703.4126646567502,190.30065599000667
488.8870079071205,299.952919423223,703.6664197853385,190.0921836833897
300.487939078844,300.6738981031614,700.1180761253761,136.17737010993613
414.02266176455703,301.25030161098573,707.2301006753671,174.7927798977487
299.9148816123524,302.1691602932134,702.6040367770829,134.70050820755455
299.8833886167207,300.7589141218667,702.1545431190993,134.90364435259067
299.11545214378725,299.5188117437288,705.4969394467662,132.88775816259874
593.8855394048601,300.7936974247506,703.7332995518049,198.67451866179331
660.8087459864239,299.1403017682842,709.358514014995,199.88556431395847
422.2060112719897,301.0310823774077,709.3583457624903,176.32243409732962
701.9516966152502,300.27488667149817,704.5793087335628,199.99998185805825
554.9550254559878,302.04591182580685,708.8215554716056,196.3572238946491
497.20322064232806,300.5635118784312,707.7199432551735,190.6704692489315
706.2116997807722,301.8021477535427,707.2314244705547,199.99999893965108
498.7117177144316,301.03386760812475,707.1828622512917,190.93979858993157
501.1023751802681,301.7474592042604,712.2169235365968,190.5907612705813
301.3447477117615,301.8060881727921,712.2197225291994,130.6368078651567
568.9165332390479,301.61263960663496,709.0808742917287,197.24632539831157
580.843886545451,296.4432335459521,706.5018169097091,198.01587190223896
579.4179980890273,300.1737825794184,708.7523449477909,197.83657610250694
647.9889265754148,300.27956753084896,707.8512729712273,199.7854832508009
700.3552478269883,298.9815102188959,707.331740301284,199.99966044401458
495.12479076597197,298.3948353800528,707.5182073498889,190.41872835634263
704.7565875317032,300.95655461022204,703.6436669491121,200.00000137845478
564.8693958385586,300.3487123034695,708.1173476451282,197.06055551031608
593.4393374894157,298.69533836572344,708.1950828463637,198.48879523472132
700.0154226474456,299.5682988656457,703.6948788182145,199.99995018605898
656.2604611036971,296.78646284281047,699.0008511272167,199.9219243797797
697.4114236267878,298.0516797954247,702.2457459623618,199.9998870186362
694.4749839710805,300.8837911896544,703.8884408737655,199.9991658437351
701.9065102928173,301.104334667484,704.364414050504,199.99998515108845
704.9427222206938,302.0331291654998,702.9425506668575,200.00000800205882
642.8659876350148,301.0816313134778,704.6031904258507,199.76468974996408
702.7084950104161,301.0835220842037,705.2795219300394,199.99998300505075
700.6561185492802,300.22725529779063,703.4711669564106,199.99997769215585
707.0419599612432,298.78470681451904,704.2194677700772,200.00002248527727
705.815396683845,302.73127922026197,708.7769723766065,199.99997402422517
709.1374096612524,298.9447900654373,706.9937910433374,200.00000985014358
709.2098747731382,300.0191564207289,710.74903743545,199.99999635369025
711.9695949578701,298.8899645012398,708.8065096668626,200.00003164701172
709.6437229332469,302.5438345534412,709.3486450751228,200.0000000256927
708.5726679975019,299.85719747492146,711.14193371742,199.99998303995238
709.833664416402,301.0537462777287,713.2422486370926,199.99996039754697
710.9072688094927,301.69589416373145,709.9051691215161,200.0000010063123
710.1457370172263,300.1076163131024,674.8532179189501,200.04395901729566
708.2977306190592,300.68707703876214,709.0044171148714,199.99999964707666
708.927070565543,299.30735295157655,704.1135166959576,200.00011153149134
707.165242527638,302.0567525027585,706.6582135799055,200.00000013034617
704.3073567378849,296.00573367405855,478.5069186193634,211.51262452538967
703.2318397185577,300.01769265117474,300.3458278604148,265.3953046070218
702.3929894292083,297.8628192211808,299.29718797802053,265.4975151506401
700.8414141846913,297.5181659326776,534.8772958441199,204.5713303761039
705.9011478054912,301.4637998221898,299.6083735356755,267.06829964674324
705.3542938396582,298.86200270295114,365.51959673193636,239.24670082398814
700.7926084710889,299.3879887927691,665.878611903418,200.04255971339205
703.0773741625786,300.68690730458735,664.3747647273707,200.05797232816562
705.3008706631471,301.35528563195004,666.6921829504607,200.057551297774
702.3178832568644,300.24310541373694,472.47224180103734,212.14251973568844
702.4023975140578,298.57762082788355,298.7343747472685,265.77684554829267
702.4319476214291,299.68632376317413,297.1026976785254,266.5922724140596
705.4022415593208,299.08920939952327,536.5816038718693,204.81145700381913
706.8556066768493,299.3407059040866,301.74929081191226,266.4824541136623
707.6284724848163,302.71975614004265,327.1736209821871,255.0692776195171
706.844034781266,300.7132273217732,483.0418209603956,211.20967792250914
711.4879673159579,300.18208443823454,298.8300234854946,270.2701093896357
711.3848096270875,302.6013992926972,303.61801475498777,267.800917778874
709.3813458034334,302.13937423944924,545.2121983298842,204.42460625273216
710.887846978469,301.66261060745876,544.7315558525156,204.58722844322222
713.381962186351,300.47828047433944,379.64273725567955,237.17249905100834
708.6345240046232,299.86526685780154,665.4196035267199,200.080705132433
710.3892982383593,300.19798386526423,558.1174698338963,203.5306826846065
706.0488691674232,300.83563956039086,552.770783246505,203.60114165675995
707.2398250067552,297.8624926431605,300.21825280419824,267.4298638095586
705.1822586048522,298.10665366438155,439.7049918379372,218.71035437276896
704.5064008069476,302.0267940193798,562.7853334572306,202.84644792867553
704.0170122985392,301.00182459571994,298.88826461546455,266.49349865808165
703.7845089306045,300.0557144301863,520.0316187475024,206.2044392419484
702.3827961386694,298.8640680930421,521.5988971103984,205.9085272960028
704.1166556328967,300.8994008368208,299.53248776753594,266.2257144238257
703.6237240157351,300.6126862126454,314.92941332850467,258.72520638537236
704.4893030876406,301.11532211380245,471.235550370864,212.69070996898094
703.1788595652682,301.2612617128153,298.6873602773844,266.18021854676454
705.6463894105885,300.61878033311757,301.75687548874686,265.88517950654744
706.0087720590842,303.33962125491894,299.0103214606855,267.41837303245364
709.5414428465605,301.8522083604146,460.5817666584727,215.43074986457665
703.9263874962508,302.20182143663106,563.2839772999813,202.78194731481878
711.7988644380557,299.12646373855995,298.5629045679052,270.5658083142904
705.0377671370443,302.41673805318334,355.11135710473883,242.84796137273122
709.4787890285608,299.1543531543548,542.3090355303543,204.67168020776742
712.0793652935229,300.416315519801,302.0866061567894,268.91734849714334
712.9749654556115,301.95462225175606,300.6687767859718,270.09056497417936
711.2545986903273,299.4658277485235,484.3317906352705,211.68515418615124
709.6144044162465,300.83246399570606,570.6719418640919,202.6822853372227
846.3608173592821,297.96807425694465,300.45584435612585,362.68636358592187
846.9186900079563,300.06978722191064,851.8030886187357,199.99988347119384
848.9598699534635,298.7422439957374,844.1168281488566,200.00011359380667
845.9184823009548,299.41579570806147,299.3635530356528,363.2681404658026
844.4450771467598,300.6581441286647,850.2060007225109,199.99980880508318
846.0275974765076,299.13309828539354,701.7789053057963,203.00148137618444
845.0934002207133,301.01813915112535,810.3680208197185,200.04187366731745
847.2836189168909,298.1289019425744,297.7379027988148,365.96307780024665
846.458920755361,300.8702022076448,836.8320238072398,200.00089219332293
842.7009243622726,298.79490371801796,776.5180839588278,200.2898919837661
845.8570723176014,300.4615369776711,297.4636687833413,364.92126846160716
846.9709034393553,299.99964400848813,683.7789704898464,204.3460634205847
849.0155542328494,299.8593104386366,300.5901547489823,364.95013708279305
844.4455523614209,299.03509387231065,299.45510308799635,361.8701147354547
842.5064333904407,300.33234621326153,842.6242664195399,199.99999999836393
846.2134001107427,300.9275665737695,298.20622678842375,364.57305461675196
847.5037458822319,300.12299069057593,846.9843130684048,200.0000001401484
849.7492824688762,299.77946938382627,852.293771076006,199.9999835259063
851.3748507049279,303.10535174763936,304.82161937813686,363.2666188342854
849.7995391591583,303.0183167555512,847.7988950318163,200.00000800773202
846.4445202151985,301.9030918741875,847.359052813032,199.99999923511248
848.2701877444875,299.1817067894133,301.5353680848145,363.4294053441315
849.1118356493841,300.0691731062075,844.7724488057422,200.00008171186138
847.943755879172,300.4439674865428,847.3720662473039,200.00000018684477
846.3418539284565,302.8154055859113,842.4141025357599,200.00006059432806
845.318293829561,300.4475748637371,299.2118304112317,362.86656991230717
850.4606150548069,300.7671734723503,850.1110058343272,200.00000004273156
845.9020833038138,298.00758677208677,851.6942475111557,199.99980567772033
844.7976910802677,302.10102432103537,301.48502774627104,360.3797316930313
846.1124858690553,297.39461808554813,847.1102754391096,199.99999900661663
848.4716280399741,299.86983692904585,849.3198915653356,199.9999993896311
841.9890261620113,300.2316445348947,850.4182580550228,199.9994010866344
849.7677604035894,300.8464072112638,847.105208624822,200.00001887531408
847.196438675039,303.38820959545626,297.840043128747,365.7916121657049
844.3876917750624,299.67632517510594,846.7002867740333,199.9999876320208
848.2675240171403,300.2507560450118,848.9295351852356,199.99999970986778
847.6782588447101,299.79277367679566,847.2330665154075,200.00000008823542
851.4263553749869,299.6445281921371,846.5896208037693,200.00011315057492
850.6649455371756,298.15713478932616,300.6630744687154,366.37669800040413
847.1009515078465,298.3388650318412,849.6046137519056,199.99998430623228
848.9062767704171,299.9527672363131,849.8325224191132,199.99999920534515
845.2715409103482,300.37748496335274,846.8792118216612,199.99999584480452
845.405636149528,299.6424784387725,852.042365956369,199.99970767738753
854.4168609964017,299.1242827369305,298.818942764833,371.5069917514387
852.2392505816666,299.23997242513923,847.3268901246438,200.00011854157148
843.0591201745038,300.1916331250982,848.6062210994011,199.99982931388138
845.511865406657,300.234545234848,848.5506121472504,199.99997194026804
845.991270290892,300.85550494492304,847.8171697770598,199.99999391261738
850.5430771435754,298.9771863377536,845.9651514498773,200.00009594143668
848.0102764293317,299.7018826337645,846.9945832289923,200.0000010478223
851.0244775910951,299.72927204737266,299.4452442241534,367.8122732828179
844.7826257693607,301.47362548722054,848.3253102265944,199.99995553713782
846.759547688612,301.2509201844284,843.5570181314571,200.00003284576943
842.6569328928575,299.01052465729936,846.8085833195782,199.99992844131765
849.4834685022267,299.67825095336826,845.5681411585646,200.00006002113895
846.8035832411281,298.12964483377834,844.3674966602031,200.00001445699925
843.7796930674357,297.9250127894478,849.326546481714,199.9998293367283
845.1347216106852,297.969696184773,843.9402883297938,200.00000170406315
849.0626754757993,301.0060120732414,844.4616498495723,200.00009740112128
845.823815039033,297.9930909757229,298.219316190512,364.21053736114237
849.3664465761162,299.8199526838306,845.426437691417,200.00006116339776
847.5705453576932,298.4662327870708,842.5319475088672,200.00012791724308
846.1701752275054,302.5637269074988,847.4024879020551,199.9999981286167
845.1695661375583,298.7549678547702,847.5833280609862,199.99998593682776
846.1130442293386,300.35127917231284,844.9612327924065,200.0000015280732
845.0085944208914,301.06146710200244,846.0332193557444,199.9999989242911
844.5148309074204,299.91309126314616,847.7666349945342,199.99996561467626
846.8984789876621,298.4648327024056,850.4943765150568,199.99995350332244
846.7024047273425,301.17538799850564,844.0211890582025,200.00001927503814
848.3810083997588,300.7037378404367,299.9860498352718,364.9226714231477
847.8441367241371,301.36351936202266,844.6000582863479,200.00003414082718
850.2849715764769,299.092186565804,851.3000279786847,199.9999989541473
846.3685385748483,300.11719547077746,847.8881555850488,199.99999649084592
843.0944339073541,300.1592041158062,846.5495908793164,199.99995875195702
846.9637165502585,301.062955260252,846.1150657491112,200.00000061120525
844.671840881959,301.6246091324888,845.5290620241383,199.99999937008982
849.0757830656206,300.9832922520096,844.3757450961208,200.00010382551625
846.2825671400216,297.75287848792027,848.1685602219372,199.99999329157936
848.4730888531648,297.58756180957687,846.231074381185,200.00001126977472
844.8006358615935,300.45045239211964,846.1635957078712,199.99999746808464
848.1877161379856,299.77402917503855,845.0566049298576,200.00003069696777
843.824904844036,297.64964907212436,849.9792863437432,199.9997668941129
842.9381736073685,298.92892818715194,846.0167577786361,199.99997082216282
844.9650827173915,301.9652162663041,297.9109769390423,363.7158946115818
848.2066523220433,299.907278001105,844.5760078305055,200.00004785762872
847.9627495103582,298.55432439714946,845.409267549531,200.00001664939214
844.9880448263142,298.8338807894652,847.9344078219657,199.99997442246107
844.2819346531904,299.4210922012163,847.1513896735914,199.99997637356128
843.3978075679311,299.1606572044595,846.060315492048,199.99998112561858
850.4363850771758,298.9449636308394,843.9957751327497,200.00026716588096
845.7846592794759,300.01983895955954,845.1950568197375,200.00000020496412
846.1795129454863,299.65411339307883,849.1509565745731,199.9999737637061
846.1028068890263,301.0884246561463,847.4738622793351,199.99999742269983
848.6452890467979,301.5301012926355,845.5405084099909,200.00002992903842
848.9046604601582,302.561119629338,848.6780146370816,200.0000000116424
846.8074352996123,300.8456773108604,846.134210677237,200.00000030512652
844.2181645512709,300.34767041637105,848.512337920041,199.99992081576548
845.9301153200088,298.3296215288554,847.7473020362077,199.99999399934498
851.358015536269,298.4029701530213,849.6553038741731,200.00000493654764
845.2378667959402,299.13879159760427,850.5689730548875,199.99984848626062
847.8981656109486,298.65401712713765,841.4763045948021,200.00026483946786
849.2324406397339,299.3697975254227,846.7113045546606,200.00001602466153
850.1001305943095,300.38377184626233,843.984097805575,200.00022877544833
847.6767959029493,299.4680317085962,849.8183273687189,199.99999017860043
844.3840011638124,299.6436627353566,846.0042743467926,199.99999574632082
846.7904254346365,299.6656338590451,842.4304734622434,200.0000828791171
845.1626232362835,301.0804766784304,300.02206269884147,362.003907286806
845.2232144756999,299.1419074660849,841.8669232144964,200.00003780758405
844.0857670771015,299.5377298349348,845.6861811469726,199.99999590081913
844.350550510659,299.7208431440353,842.7317702582278,200.00000424193192
843.8716379727814,299.0963274410046,845.3718265353793,199.99999662372704
844.9484632592378,298.880135511294,845.9111067420979,199.99999910793517
847.4742269876373,299.8674824251492,841.0416040394348,200.00026617317633
845.7957146082545,300.31932700665203,842.7089687757189,200.00002941051378
846.8978527839168,300.00320770649296,845.2425495250798,200.00000453557874
846.1242560065205,300.8351961756613,845.1412160579124,200.0000009499779
846.3707834505565,298.75395864806694,846.1769672049085,200.00000000728065
845.0412773523224,299.54623538125213,845.545967959495,199.99999987144895
845.6074221398646,299.6968593659015,844.7905769364774,200.0000005450286
845.610736432383,300.1427201449143,848.2390610688105,199.9999818432958
844.8189968813281,300.4179279659377,846.9839563544582,199.99998985272774
845.1363855014595,298.9891157389275,848.912352447699,199.99994616254128
846.7421103222081,301.01590521640577,850.0445312761166,199.9999639838494
846.6735499748512,300.9119449666485,849.8665811484884,199.99996744561648
848.6487984133173,300.170577139004,847.168697894285,200.00000324245258
847.1133723568894,300.7402391394799,845.4647577695051,200.00000448081914
845.4270664398847,298.7776326042543,844.2726601869916,200.00000153842387
845.2253228770642,300.41580907800517,848.319839473564,199.99997036680705
846.4246197009446,298.7773977111698,851.2976412049844,199.99988428358145
844.7025434377172,297.7415420782655,844.5181578880278,200.00000000626875
846.6439321557286,299.636518459312,843.2081474669742,200.0000405581204
845.070138357556,297.83090408966956,844.8774383051172,200.0000000071556
844.9300349524567,300.7902199722271,848.3075758537419,199.9999614697479
845.739898287854,299.4779548274062,821.999875400004,200.01337960832197
843.7467837844383,299.7121217734283,736.5186634618829,201.23289496507093
844.3204178851543,299.2671867039784,627.7080058992937,210.1636573419105
845.2477558171605,298.84627698137217,420.95872909982626,276.3810104839066
844.9079925468882,299.2912850599726,301.42644341800406,360.52933769707226
844.8688363308092,299.88958337340085,734.5044931010017,201.34426951378353
847.3684911468208,300.72772931930206,298.839461403384,365.0436615026198
846.7492542830329,298.6003458038114,300.4035346011178,363.08072552459976
844.9182670588079,299.64955443769145,362.97240992407114,311.9424361776296
851.1920693328076,299.60680827459834,300.5817514304483,366.92947832883124
848.2518080011462,299.3823683093775,299.51896843827376,365.22769926632895
845.5201886402398,298.6088666395361,299.694038879056,362.61590288811806
844.2083092920064,301.18831227201304,301.0511308284724,360.24207898682477
767.3195442529163,302.00757155726797,300.8962190948447,301.4707293973971
688.9114900348794,302.965072669228,303.2056291932315,257.38107948810216
609.6160805395969,302.7929295439136,300.23183375996956,229.61383072448888
846.8639129995549,299.5321382348427,302.31280929455346,361.4789541088678
848.8200108057192,300.8599205365144,303.6528213541476,362.0276490472638
841.0474944753431,302.3758110026239,302.38824215505554,356.2940236386856
836.987846310962,301.7191749698652,299.84764384157893,354.9754748074324
838.677770439631,303.46183979905663,302.3069475672211,354.31048495028847
846.9481957042592,301.56735326207155,300.21938928617493,363.4240129876191
831.4832561799051,301.57967512016387,299.9325011298543,350.1876487075457
849.915161037656,301.6203361961105,299.8589246638933,366.4260397275416
839.762843865496,301.38988906372424,299.2909493269666,357.8771741962071
851.8626273286401,300.5758540320705,299.24893126409137,368.7582188555443
839.3984473296449,301.8779555638716,300.85229438425654,356.1955956711093
847.2375456463894,301.9353667467285,299.0289439702834,364.7545953004011
848.4277086418712,298.75556629851854,300.3523483546132,364.63449432410243
848.7379467371338,300.3434549931465,300.20075804828025,365.051026302924
847.4985698930052,301.9931650800015,300.2672217938534,363.8750751420879
847.2152126907348,300.0986995411651,300.2041705062513,363.67723496301966
847.6899841952825,300.0660052364389,302.3797571369326,362.155217959629
850.8904915704429,299.59088004643485,300.51822041381155,366.7130647928276
850.6672099299095,298.0319452424461,301.8457648397242,365.3077516186047
849.6036388918272,300.99894813833436,300.07619529968485,365.94652341511454
849.0556588195068,300.89229569966955,299.854795768591,365.650836431136
850.8085311600967,301.68218784724587,300.4330629381485,366.7159700753865
847.1967803887296,301.4275166958093,299.33252990359637,364.44432392607894
848.6384661141128,298.7223710162888,298.4516881710664,366.5445585517306
843.3918056795585,296.83898996839275,298.56694710005206,361.72261100619687
849.0977484593668,301.57906967437447,302.4076858346506,363.389272450254
846.2981601042438,300.6467751270599,300.00369886563686,363.03482887211334
851.4426710930145,298.9801700134055,297.09072600675245,370.3557226420807
849.4178258253264,299.0349155621052,300.4075556240957,365.47843552048516
846.0483651775462,300.14930662165494,300.91572110735297,361.9968495841059
846.5415718693229,299.8973403444784,300.0562683734892,363.20575210610355
849.4815784690107,301.72508203551246,299.8527065009138,366.03842852435685
847.7550486804906,302.47944884619665,298.6484098019243,365.5655909245667
847.6258582646499,302.6603923907149,301.9293788978059,362.50003380119745
847.3656040510837,298.69648763623064,299.3569873258016,364.5743550332716
848.2577700304582,298.25455577960815,298.7430043869701,365.93503820364407
846.110015617898,301.30036281236073,300.6922126171441,362.25120428636114
846.2256999042385,298.3034638437116,300.01690831536075,362.958139755885
850.9774573181348,300.1454460616202,300.84110398492993,366.49877132960046
849.451075404385,299.16631211398385,300.5144678461579,365.41183598235386
843.3651855954244,300.5634964079961,299.05353972576904,361.26602423149257
845.9883439875932,302.3755350383993,298.8851972717654,363.7599277371868
851.0319742247384,302.6765983546475,300.5192877832674,366.84069677858224
845.0409202111749,301.20701796758954,300.33657420762336,361.6153180067232
849.6252618923809,300.13015523363,296.89131436227507,368.86841069238795
849.539777064905,299.0744527610992,299.65518625801116,366.270288132534
849.3790708745033,300.4433021417452,300.7066082701468,365.1731653604964
848.3687018708566,300.7055959828319,300.4595058162739,364.4847991905436
852.2661332980109,299.8765769869849,299.2796879973091,369.09994185769233
847.9045423495396,300.60208600627004,849.4373421920669,199.99999639872453
848.5396994849268,301.18722983752383,818.5476014552286,200.0269786702994
846.1583311587407,300.2822654566683,300.69605991146926,362.29089284129174
851.3144776771131,298.913992401677,711.6457141139286,202.72456934255516
847.2228099618104,299.7808359570084,369.21057917439657,309.2237358322114
846.7517320895122,300.43527681211367,301.1084016660954,362.4525576073489
849.7672421259384,300.1033739581766,741.6115354340808,201.26516834757845
841.8940883434118,300.74627671686505,654.1244173499649,206.62027966357638
848.2028899380297,301.342115016111,429.29847333359163,273.50972833378717
848.3860933357472,301.1011209577523,298.9397622625788,365.8730510854864
848.4149132420936,300.20710262099806,301.3071851253446,363.76404171187795
848.2916669954215,301.8961630633,767.8241628357158,200.52102863647755
849.2578370486433,302.50530693049785,475.7156139162677,252.12176303860005
850.3621152362578,299.9144991131953,301.1197288101242,365.6884123111025
847.700582182947,301.9258684433916,703.2109990759147,203.0165436500505
848.8608925142545,301.74062773526344,477.0219240294346,251.41202437939637
849.7567182261804,302.2799870227715,300.6539638189483,365.5620772341646
841.4909412753481,300.86654534530993,795.7657742960714,200.09560176280556
852.6257146783179,300.12612846839215,747.5085301055993,201.16150520700245
845.6165697511238,299.94196273913667,668.7137197578882,205.53610717304107
849.0384300268328,302.15500512793096,584.5962406101107,218.4923554481579
850.0793711067724,300.89999468196254,580.3033436638593,219.63405782313194
847.8971942128621,300.5048147827872,429.4466779436499,273.2710346233002
847.7615329549697,300.63246906596356,298.5198879365593,365.6877413368345
845.339844662877,300.4780143828405,848.6676636571182,199.99996314647035
845.1193396225451,300.65363536222117,850.443529317877,199.99984907521647
848.075297547607,299.8646587474826,848.7090131420404,199.9999997455027
845.424805057545,299.99662986373835,789.2546668286112,200.17722152848165
846.9071752324487,300.8893215095775,577.5256915268104,219.54804012535118
847.8474086570045,300.7253778829963,300.4818706901516,363.99565906456127
843.4466796329978,298.5313444297847,797.9134644641242,200.09440281674
847.94804452469,299.23607731033223,712.5784767298094,202.48063648470458
843.6691476243411,302.27960741134734,607.8043259816211,213.12168225358596
847.0996013243682,300.192929568887,423.8162248071501,275.83918175685966
845.8325254740249,299.26012348252056,300.0229363354789,362.60110180778986
846.6866306618717,301.80878658133054,846.6430202004345,200.00000000008293
847.5468920740229,301.4387851545967,786.1761701204641,200.23114457068
849.2486486150955,300.3590876097176,576.8699862217743,220.20780993214683
848.3140506839729,298.7325315267012,302.1236193583493,362.94170728269376
848.5225039378735,299.02291592557583,807.9195841012968,200.06693785586387
844.9657062261081,298.37786593766066,688.1536641181132,203.85601071068737
847.8288621120602,299.14429327145086,425.88376345247985,275.1221206648356
847.1257061679697,299.40564075769214,818.9685262228355,200.02232376637912
846.5050731434483,298.18027130112023,767.6500315039228,200.49032992163436
846.9626188043959,301.11248018514766,690.094775854545,203.8601286065483
845.0332822066782,299.4567823428451,607.3050482087344,213.43514297339337
847.0240104070624,299.74311249696564,425.54495273605784,274.873476945708
846.5765944007777,301.8449979915422,301.0044315269865,362.3890004706018
845.796413613977,300.37737408371305,849.8346340265231,199.99993414783478
848.9568902025997,300.94299012498084,821.6864258126719,200.0202804506354
846.5664686100696,301.6081345483438,630.3054328761741,210.1142768218848
848.7819615280923,300.56995119128396,730.8222382615716,201.64135013448796
845.9019250040513,299.1047179466408,301.4722832207079,361.37092474594016
848.3235796474149,297.3300099483827,471.7922335793535,253.38305336187946
848.0335852128483,299.6689688124816,300.9411759811097,363.7502860355108
846.5604677665752,300.70931736739357,713.056066066632,202.3795057273502
846.1107866484749,299.3520849800439,299.63291260839674,363.19909586069866
847.7664825458114,296.9302804048069,299.6697313840685,364.6537716726682
847.2013284625241,302.10717834214296,650.6479947153792,207.59348680991232
846.4906778248841,299.8705585724867,299.0451782913585,364.06754118719635
846.6180981423394,299.7236579877436,737.9552797605554,201.28304797434933
849.1890947608123,300.69064013757134,299.30353122968563,366.2711705109127
846.4493931718173,299.61835404197535,473.3044601605082,251.95563366307718
844.250258590364,299.3089312305885,765.2657692078919,200.49274865172157
846.5396594132995,301.46064114080474,478.15884781675464,249.99090524346497
846.8076577103519,303.26266045844386,477.3840206219284,250.4166562963196
848.1892830663489,302.0056829873006,775.4018906219043,200.38562793263108
847.0937779431927,299.90393349031666,584.8862873761595,218.02749079551884
848.4126920072489,300.43184799128477,301.5018164494959,363.587335528307
852.8423085152388,298.7929229577203,822.4493697148799,200.02807489151215
850.4956761500675,299.76951019845546,848.3452449233813,200.00000994435624
844.14955668977,302.8598870808134,689.7672492949847,203.679531987834
848.9305658326343,299.1177607901665,300.4010783195587,365.0440747097771
845.0829316429409,299.03890875783765,473.7919385550276,251.1850630089565
845.0057613477225,299.48881019573247,301.2809120175861,360.7450265685369
841.2501066006478,300.78139858147927,301.3386392249214,357.3865643571929
847.789632679212,299.6397584133183,605.0694819834507,214.29938960548196
840.8353609914999,299.74670570827067,300.2519796836087,357.97489350736316
845.9572368019195,299.13383435031227,426.0755528419313,274.025404788313
846.8356468549631,300.3105851388402,300.4931710526566,363.07782070949804
846.5035356061534,300.562646152102,686.2087788751405,204.11867904568533
848.758460699602,301.1835800647223,300.6677889303131,364.6482928016909
843.5170884970573,299.5503670155924,477.76465631036496,248.92847369905306
851.9655316890885,297.58186272935745,298.60104551300304,369.44698690592577
849.7347220157124,300.6889620843488,476.5412610968229,251.97590696074846
847.0754672765935,301.6021808922806,301.0972858579515,362.7518233751599
847.1438084249268,301.60939997232504,298.77101986992596,364.9026702032981
845.9062170492471,302.32755022877467,715.4485300634137,202.22028652223386
845.6314413830384,302.0752306831195,610.115292123124,213.0635759852349
847.4270006914411,302.1033465962053,609.1277886873559,213.53218164393192
849.5466318974223,301.7794386580424,478.1206719550078,251.24090167939272
846.5324428234759,301.56713242170974,300.44209975460797,362.85214751283644
845.7632524805292,300.21594452747917,299.1887826849786,363.28565266775945
845.932583328853,300.159842524981,518.2048137932616,235.1997619766513
847.8168516086027,303.3342686364218,298.5897922987047,365.6745416335111
846.8128696016305,302.985094323646,476.32397168818176,250.85405580340878
846.6979128566675,301.6309170563524,818.5456964628479,200.02231196275085
848.0061653950341,301.58768502760546,301.4329082687281,363.28456583845787
847.7153455270384,300.8518057062355,686.7754676758917,204.16860746700834
847.5825739682114,300.1302683027629,302.26603685526493,362.16084715967565
848.5995840366758,300.1300078213774,300.9876025550519,364.2172689201145
848.3427647099912,301.2703998593754,607.1913532929246,214.02391995809174
850.9987879100242,301.0559672646366,371.25289952901556,310.41645101725396
848.58110152049,302.2539817555278,760.3549158809867,200.68674026257366
846.8696353263223,302.5836007510226,759.4703376352394,200.66761152982153
847.9239568456048,303.33494503802194,654.6766331847733,207.21673010910254
848.9420356493346,300.94800182523824,302.048218632582,363.5720287880887
847.0128024084887,300.3370015036029,652.480484107083,207.3616520627488
848.938596306698,302.5828320455982,844.5271459983467,200.00008585076606
846.9646662855421,300.4668685374423,760.7397356330312,200.641059825898
848.1369306536816,298.5167846539983,298.6275994740275,365.9301151746252
851.0937525284278,300.71806105082663,299.46385620195736,367.85851857355044
845.3792280337461,302.078158352253,606.3387119945138,213.6588631270884
845.722825710122,299.63321484403,827.7142209633986,200.0058403678127
850.5678179560987,299.4960208681468,759.8732350332008,200.74600896039271
851.0180078580405,300.35548816444503,301.1286573713442,366.2746057667915
845.8662651450719,301.2687661651712,848.9184166380277,199.99997156728983
845.4866195675497,300.4682871713771,845.0541991287365,200.00000008085718
843.4838267512881,300.9243001866288,763.7861343534195,200.50621759998393
846.1299844892378,298.20572080266464,837.6929389681462,200.00060058043047
844.8539192085527,300.0933603178864,300.07786160232297,361.6791575158104
848.2952711953722,300.5201702025725,668.3683927605543,205.8248954707255
847.9582311898184,299.42204301105454,785.7320694580277,200.24094562239696
847.3288183775987,300.63978886809224,517.8278526577617,235.7742119212543
847.9297834138501,301.8299225186412,515.9655523876512,236.5825414761513
849.9438725153145,299.1459113476624,300.2705503823253,366.0787158862326
846.4609021954151,298.2684744170896,729.3107408604503,201.60778759342662
845.0494267767632,300.243087181338,848.0221587868231,199.99997372956412
845.159024030763,299.9708419985962,846.0637193039217,199.99999925953085
847.6632270378223,298.40691351758096,651.8308715913022,207.51023182135037
843.5116326568374,300.8032231076307,840.965630812206,200.00001650350322
847.9034948448733,300.90159309485307,839.528880400903,200.00058734660868
844.5644915986476,300.99490462151067,845.0393501745929,199.99999989292382
848.1863959801931,298.2665307946867,844.5514171254238,200.00004802923468
846.1875253685222,299.28047256163586,840.6979129742406,200.00016543410405
846.8197370323506,298.4890050480283,846.2584211528383,200.0000001768569
842.1554261804139,297.53288079724695,766.0466991179253,200.440862719143
846.1128606335265,300.7698279545262,841.8813109632271,200.00007577018175
846.3116671557498,299.94223383199903,768.0398520942732,200.47953047730678
848.1931245202269,301.37316229577783,299.4528937266618,365.2343760263317
848.0383326219994,298.916572685618,845.4499490196528,200.00001734147042
844.5867557514998,300.2575214363719,775.5927967371488,200.3284227241559
843.5832279087388,299.51439589770877,845.4252053695135,199.99999375038973
847.17930844423,300.2465680673605,811.7282473057212,200.044554104351
845.9091627290884,298.8754038250242,299.3585709733994,363.26425336422847
841.6466659020605,303.21272978729564,843.1259108886284,199.99999676316682
847.1340607924524,299.6281610931118,837.1157378440073,200.0010055069626
845.9401493746165,298.4865797377455,668.4383839198794,205.59252624523464
847.7466208486309,301.5566644798907,777.7444668993332,200.34303166402898
848.1112608890592,299.37478908442034,302.57702326016636,362.3551375927375
848.5654429994438,298.947491211526,837.4951907988551,200.0013566647628
847.9102106255745,301.26364708485556,672.7175609499624,205.37709418089304
849.3462418432579,299.77725747058236,784.6784378707281,200.27043589776173
846.7458094643275,301.2135053653853,298.938258157246,364.39327354404276
847.9827810636818,300.102552816153,667.9220444155784,205.83790559444753
851.9802690476414,301.24321993866874,671.2081413819762,205.90737320724193
847.0207707442567,298.77463951028795,301.5321112871979,362.31444776087085
847.2444409399588,300.1408877859514,847.7290321721555,199.99999988620408
844.7970380560895,299.6938753453138,764.6797504570665,200.5142552250461
846.9444429294439,299.86332239460063,847.0358270745024,199.99999999923685
844.4751783042555,298.0396302214064,478.15266921615563,249.15761632106023
849.4857873457314,300.627742732049,687.9672878736271,204.21373106438585
845.9673019934187,298.31024431233834,299.59856515737334,363.10133781568675
850.9308970586706,299.3999085863527,845.6770482073061,200.00014502161028
846.4430194826401,299.04544282820274,766.3504907390512,200.51377860744552
844.9833805594542,299.51501852313265,842.5925149990693,200.00001366675687
844.6748618880414,295.93354549668925,469.66414264261397,252.73889731093092
847.3252759009042,300.60374824686403,769.4300289999283,200.47264261301868
845.4639337144254,300.00449522132044,839.5253424145957,200.00020943550732
845.4412240302308,300.3004929791206,299.0431536920537,363.12760903135666
844.8812856073697,297.47589708470383,299.7876474992362,361.9620779138619
845.4641731301739,300.9755003616584,845.7606652988514,199.99999997393607
846.003303153058,299.73834321297164,301.2458620148132,361.66258304289084
846.0925989638324,301.20415192478697,848.7388813346552,199.99998146858633
845.4214593603404,298.431256787284,629.2234858968505,210.10543135487998
843.4171568680115,299.9219389416547,750.8820100136253,200.79235564365808
845.4701393472324,299.29133143187124,796.4268024488778,200.11796143183898
846.0145465504245,300.71766470920477,581.4789092956514,218.51196670656103
849.0612607080951,298.487640470714,797.09031616518,200.14037243380585
843.4599000240758,300.6097844331509,800.895296209266,200.07711622933186
849.5948780024466,299.87207090484065,653.7150151311669,207.515698921018
848.8535200464617,302.54661682157206,829.0228445384064,200.007798526002
848.8908422018283,302.0429657254783,302.8630452666003,362.7961973990816
846.4815778178538,301.13648206562834,851.9207191162684,199.9998390870402
851.9966998750765,303.2902093487303,518.2489882334906,237.17533492032288
850.156303078628,298.45222932552235,520.9855821298935,235.66675479036064
847.3238057178922,298.78657154612125,632.1877178713454,209.957258929977
845.3858114575952,300.15668402837565,717.2108964645132,202.1057611756694
847.3668259850666,300.3529536517565,299.5528416163718,364.39906516451714
848.6471389529099,298.0811201519881,846.9050423666644,200.00000528708983
846.5948472690432,299.7684102745666,763.136967728974,200.58130229621537
843.7108387038567,298.5001488647678,844.9855031318119,199.99999792896423
848.1952493891567,300.664681931731,843.036624701137,200.00013727826976
848.7200862984866,299.0435914784831,798.5137009723524,200.1265542879724
843.4858472139425,301.96373420825773,842.1966112331826,200.00000214287704
844.118054350247,299.6165922164045,845.6414217423055,199.99999646480018
844.9353944731305,299.8979373897361,841.857124198434,200.00002916891304
845.6339038488541,299.2680826418721,845.5755667378187,200.00000000019853
844.9728652955134,299.15662425979644,848.5915119100737,199.99995261525802
848.1354052327047,302.07684580297274,847.4105171233264,200.00000038090172
843.6671160488327,300.9146737904804,846.0843757875823,199.9999858756017
845.4375483642293,299.83910174291765,509.84876212162396,237.79395321492893
847.4198554986812,299.3731945906165,630.7626048698913,210.16997026192462
847.7425461537298,300.1220559410517,748.1066299801575,200.9891172040551
847.2874871179824,301.0658951039807,783.3760416710456,200.26105734660402
850.4309115520331,298.3316227405901,298.45738481344034,368.17240963463024
844.2842991659327,299.87138460452877,839.858149589266,200.00008671181146
848.8078231633613,300.87378416818706,670.8349697242029,205.63717205860257
850.2552148635492,302.0237186853206,781.0922864531195,200.33084160576428
845.0370283403882,299.4259828451259,837.0778612873675,200.00050420002202
847.2851378501,299.66681116629127,301.33685336333264,362.72508871485473
845.3289784327341,300.7909306015656,844.7826190665501,200.00000016309295
845.9839638179905,301.0203876028006,847.0950700126365,199.9999986282761
845.2011732377193,301.5549642771115,512.5765461921447,236.80130351642833
845.1622095507358,300.7237080058343,630.4811783501696,209.8942075922926
846.3894919384117,300.2213937311998,701.374369662003,203.04957893706515
845.3154645674776,299.54557986754946,775.71125484174,200.33721471745548
845.8797049278812,302.85682741022157,299.6103109871642,363.01238682637324
847.0566968673155,298.7597598634226,846.5754065829826,200.00000011148623
849.4360609442175,298.8861570371929,852.2158046033388,199.99997852099077
844.8417469197375,299.7120750229359,625.8027021569285,210.509077879259
846.0695195078754,299.24020075926364,746.7487618189991,200.97976082831934
845.7045233181929,299.3907641832672,804.4203286779165,200.07036415081535
847.0941430219616,298.71042061222437,838.1981150213907,200.00070402555497
849.0151435353233,301.5884297541738,302.304600246759,363.40763630772517
845.8559433649336,299.6579921323741,846.160054431048,199.99999997187473
847.0194661879124,297.4738891016692,847.8716121901665,199.99999938121178
845.9994650609377,299.3328149290876,513.4044187494765,236.7914860283899
846.3715001474037,298.8874642403623,514.1561617597092,236.6656205704598
848.8194038973518,301.00182658901787,629.4719339022826,210.5535333904086
843.6325768874963,300.436296220524,685.6050412674033,203.9463745570726
846.2930041321146,301.7393938314763,757.6850357811066,200.6956941265874
844.151552905822,300.42963268614744,808.411202821138,200.04565374477664
