1.000000000000000000e+03,1.000000000000000000e+03,1.000000000000000000e+03,1.000000000000000000e+03,1.000000000000000000e+03,1.000000000000000000e+03,1.000000000000000000e+03
7.257933103547756559e+00,3.422720280010753413e+01,3.436062299954416233e+01,3.449404319898077631e+01,3.462746339841740451e+01,3.476088359785403270e+01,7.404866413178113227e+00
3.390914234177174968e+00,1.209849714957982059e+01,1.221207144190858607e+01,1.232564573423735332e+01,1.243922002656612236e+01,1.255279431889488428e+01,3.526858048647477872e+00
1.000000000000000000e+03,1.000000000000000000e+03,1.000000000000000000e+03,1.000000000000000000e+03,1.000000000000000000e+03,1.000000000000000000e+03,1.000000000000000000e+03
1.591257135204224404e+00,3.050630653701027484e+00,3.130454376562431307e+00,3.210278099423833353e+00,3.290101822285236288e+00,3.369925545146640111e+00,3.449749268008041714e+00
3.350974244359789189e+00,1.184318811169146812e+01,1.190699353570587249e+01,1.197079895972028218e+01,1.203460438373469010e+01,1.209840980774909980e+01,1.216221523176350594e+01
1.000000000000000000e+03,1.000000000000000000e+03,1.000000000000000000e+03,1.000000000000000000e+03,1.000000000000000000e+03,1.000000000000000000e+03,1.000000000000000000e+03
5.460978655815463823e-01,5.852129992166427153e-01,6.243281328517387152e-01,6.634432664868349372e-01,7.025584001219310482e-01,7.416735337570271591e-01,7.807886673921233811e-01
3.431326170834057443e+00,1.235249629514587077e+01,1.251028415834107932e+01,1.266807202153628431e+01,1.282585988473149108e+01,1.298364774792670140e+01,1.314143561112190817e+01
1.000000000000000000e+03,1.000000000000000000e+03,1.000000000000000000e+03,1.000000000000000000e+03,1.000000000000000000e+03,1.000000000000000000e+03,1.000000000000000000e+03
1.801044766637537764e+00,4.248391915702026012e+00,4.481914058058832140e+00,4.715436200415638268e+00,4.948958342772443508e+00,5.182480485129247860e+00,2.080596996522773079e+00
3.787787799591795679e+00,3.966181996923428432e+00,4.144576194255067847e+00,4.322970391586703265e+00,4.501364588918339571e+00,4.679758786249974989e+00,1.968735707706274818e+00
9.055481145699406653e+00,9.084615362152996809e+00,9.113749578606588742e+00,9.142883795060180674e+00,9.172018011513770830e+00,9.201152227967362762e+00,9.230286444420954695e+00
5.509449441458819763e+00,2.348590540093549350e+01,2.362145634751328060e+01,2.375700729409107481e+01,2.389255824066886902e+01,2.402810918724665967e+01,5.666514430206005315e+00
1.910011186508716818e+00,4.668978975006615073e+00,4.777959354381276391e+00,4.886939733755939486e+00,4.995920113130603468e+00,5.104900492505266563e+00,2.040502092268807299e+00
1.000000000000000000e+03,1.000000000000000000e+03,1.000000000000000000e+03,1.000000000000000000e+03,1.000000000000000000e+03,1.000000000000000000e+03,1.000000000000000000e+03
1.000000000000000000e+03,1.000000000000000000e+03,1.000000000000000000e+03,1.000000000000000000e+03,1.000000000000000000e+03,1.000000000000000000e+03,1.000000000000000000e+03
4.693319504264826136e+00,1.921815953846250480e+01,1.956758326824596139e+01,1.991700699802941443e+01,2.026643072781287103e+01,2.061585445759632407e+01,5.103688377914432195e+00
5.136776951621943033e-01,5.889549283093166165e-01,6.642321614564391519e-01,7.395093946035614652e-01,8.147866277506840005e-01,8.900638608978063138e-01,9.653410940449287381e-01
2.635784381068034143e+00,8.479083112869711059e+00,8.777371002087798857e+00,9.075658891305899090e+00,9.373946780523992217e+00,9.672234669742085345e+00,2.993647815015121783e+00
4.742251432190900395e+00,1.935366793320919143e+01,1.959984578415125611e+01,1.984602363509332079e+01,2.009220148603538902e+01,2.033837933697745370e+01,5.031536736534608423e+00
1.000000000000000000e+03,1.000000000000000000e+03,1.000000000000000000e+03,1.000000000000000000e+03,1.000000000000000000e+03,1.000000000000000000e+03,1.000000000000000000e+03
5.426513232025434341e+00,5.740145468974026777e+00,6.053777705922617436e+00,6.367409942871208983e+00,6.681042179819799642e+00,6.994674416768390302e+00,2.460478634251555441e+00
1.000000000000000000e+03,1.000000000000000000e+03,1.000000000000000000e+03,1.000000000000000000e+03,1.000000000000000000e+03,1.000000000000000000e+03,1.000000000000000000e+03
2.984645757117476705e-01,3.103858168977577936e-01,3.223070580837679722e-01,3.342282992697780397e-01,3.461495404557881628e-01,3.580707816417983413e-01,3.699920228278083534e-01
3.030186601939438340e+00,1.020436479285763554e+01,1.025063166275308291e+01,1.029689853264852673e+01,1.034316540254396877e+01,1.038943227243941436e+01,1.043569914233485285e+01
1.000000000000000000e+03,1.000000000000000000e+03,1.000000000000000000e+03,1.000000000000000000e+03,1.000000000000000000e+03,1.000000000000000000e+03,1.000000000000000000e+03
1.068384308642553071e+00,5.193795022664894345e-01,6.936256983833157808e-01,8.678718945001435703e-01,1.042118090616970028e+00,1.216364286733797595e+00,1.275496665718661937e+00
3.830591387735936770e+00,1.439159733595593060e+01,1.453226768304121563e+01,1.467293803012650599e+01,1.481360837721179813e+01,1.495427872429707961e+01,1.509494907138236641e+01
1.000000000000000000e+03,1.000000000000000000e+03,1.000000000000000000e+03,1.000000000000000000e+03,1.000000000000000000e+03,1.000000000000000000e+03,1.000000000000000000e+03
1.899213071644743733e+00,4.739143318104267699e+00,4.974595188567406900e+00,5.210047059030544325e+00,5.445498929493684415e+00,5.680950799956822728e+00,2.181276202458624525e+00
1.000000000000000000e+03,1.000000000000000000e+03,1.000000000000000000e+03,1.000000000000000000e+03,1.000000000000000000e+03,1.000000000000000000e+03,1.000000000000000000e+03
2.992072848815090225e-02,8.959214320795642894e-02,1.492635579277619418e-01,2.089349726475674962e-01,2.686063873673730229e-01,3.282778020871785496e-01,3.879492168069841318e-01
9.189749277043327780e+00,9.433434619764309303e+00,9.677119962485285498e+00,9.920805305206263469e+00,1.016449064792724499e+01,1.040817599064821763e+01,3.129122060277308215e+00
1.000000000000000000e+03,1.000000000000000000e+03,1.000000000000000000e+03,1.000000000000000000e+03,1.000000000000000000e+03,1.000000000000000000e+03,1.000000000000000000e+03
1.190623498360364518e+00,9.765700894404035770e-01,9.914077134623560106e-01,1.006245337484308111e+00,1.021082961506260656e+00,1.035920585528212978e+00,1.050758209550165745e+00
3.988102146420563265e+00,1.506924383915268351e+01,1.508053863096710678e+01,1.509183342278153006e+01,1.510312821459595511e+01,1.511442300641037662e+01,1.512571779822479989e+01
1.000000000000000000e+03,1.000000000000000000e+03,1.000000000000000000e+03,1.000000000000000000e+03,1.000000000000000000e+03,1.000000000000000000e+03,1.000000000000000000e+03
2.130945573421665351e+00,5.810789022583261243e+00,5.962239426653098917e+00,6.113689830722931262e+00,6.265140234792761831e+00,6.416590638862599505e+00,6.568041042932432738e+00
1.000000000000000000e+03,1.000000000000000000e+03,1.000000000000000000e+03,1.000000000000000000e+03,1.000000000000000000e+03,1.000000000000000000e+03,1.000000000000000000e+03
3.418679558909242799e-01,3.905982930383265495e-01,4.393286301857289300e-01,4.880589673331311440e-01,5.367893044805334135e-01,5.855196416279356830e-01,6.342499787753380636e-01
3.190598538145589025e+00,1.117455092944584294e+01,1.137429518876587409e+01,1.157403944808591412e+01,1.177378370740594704e+01,1.197352796672598352e+01,1.217327222604602177e+01
1.000000000000000000e+03,1.000000000000000000e+03,1.000000000000000000e+03,1.000000000000000000e+03,1.000000000000000000e+03,1.000000000000000000e+03,1.000000000000000000e+03
2.250561105947650908e+00,2.526881068418168841e+00,2.803201030888685885e+00,3.079520993359201597e+00,3.355840955829716865e+00,3.632160918300233909e+00,3.908480880770749621e+00
1.679494872726242605e+01,1.702296771393912422e+01,1.725098670061582951e+01,1.747900568729252413e+01,1.770702467396923296e+01,1.793504366064593825e+01,1.816306264732263642e+01
2.957894630510182754e+00,9.997397860341923348e+00,1.019703032957226085e+01,1.039666279880259836e+01,1.059629526803293409e+01,1.079592773726327870e+01,1.099556020649361443e+01
1.000000000000000000e+03,1.000000000000000000e+03,1.000000000000000000e+03,1.000000000000000000e+03,1.000000000000000000e+03,1.000000000000000000e+03,1.000000000000000000e+03
1.000000000000000000e+03,1.000000000000000000e+03,1.000000000000000000e+03,1.000000000000000000e+03,1.000000000000000000e+03,1.000000000000000000e+03,1.000000000000000000e+03
1.188338172490006706e+01,1.218986330346156777e+01,1.249634488202306670e+01,1.280282646058456208e+01,1.310930803914606813e+01,1.341578961770756351e+01,1.372227119626906244e+01
9.232283145539529334e-01,1.144688290717155388e+00,1.366148266880357509e+00,1.587608243043561851e+00,1.809068219206765304e+00,2.030528195369967648e+00,2.251988171533171101e+00
2.306541206557003676e+00,6.725688540528845571e+00,6.916572710119508471e+00,7.107456879710171371e+00,7.298341049300833383e+00,7.489225218891497171e+00,7.680109388482159183e+00
1.000000000000000000e+03,1.000000000000000000e+03,1.000000000000000000e+03,1.000000000000000000e+03,1.000000000000000000e+03,1.000000000000000000e+03,1.000000000000000000e+03
1.000000000000000000e+03,1.000000000000000000e+03,1.000000000000000000e+03,1.000000000000000000e+03,1.000000000000000000e+03,1.000000000000000000e+03,1.000000000000000000e+03
6.901936120369414951e+00,7.147816528233965627e+00,7.393696936098519856e+00,7.639577343963069644e+00,7.885457751827621209e+00,8.131338159692173662e+00,8.377218567556731443e+00
2.389088837093332529e+01,2.409707634162474932e+01,2.430326431231616269e+01,2.450945228300759737e+01,2.471564025369902140e+01,2.492182822439044898e+01,2.512801619508186590e+01
4.065107012322843438e+00,1.565185849470259249e+01,1.582790059660561788e+01,1.600394269850864859e+01,1.617998480041168108e+01,1.635602690231471001e+01,1.653206900421773895e+01
1.000000000000000000e+03,1.000000000000000000e+03,1.000000000000000000e+03,1.000000000000000000e+03,1.000000000000000000e+03,1.000000000000000000e+03,1.000000000000000000e+03
1.000000000000000000e+03,1.000000000000000000e+03,1.000000000000000000e+03,1.000000000000000000e+03,1.000000000000000000e+03,1.000000000000000000e+03,1.000000000000000000e+03
1.660480290289778793e+01,1.689500726135387154e+01,1.718521161980995871e+01,1.747541597826605297e+01,1.776562033672214014e+01,1.805582469517822730e+01,1.834602905363431447e+01
5.038679567688933325e+00,5.290324586430728004e+00,5.541969605172524460e+00,5.793614623914320916e+00,6.045259642656116483e+00,6.296904661397910274e+00,6.548549680139709395e+00
1.000000000000000000e+03,1.000000000000000000e+03,1.000000000000000000e+03,1.000000000000000000e+03,1.000000000000000000e+03,1.000000000000000000e+03,1.000000000000000000e+03
8.794491500215108060e-01,9.145997468854806245e-01,9.497503437494504430e-01,9.849009406134201505e-01,1.014213801666484088e-01,2.793560201652893760e-01,4.572906601639304958e-01
2.040191851089921737e+00,5.348928481436515447e+00,5.490014077778320178e+00,5.631099674120126686e+00,5.772185270461931417e+00,5.913270866803734371e+00,6.054356463145542655e+00
1.000000000000000000e+03,1.000000000000000000e+03,1.000000000000000000e+03,1.000000000000000000e+03,1.000000000000000000e+03,1.000000000000000000e+03,1.000000000000000000e+03
1.000000000000000000e+03,1.000000000000000000e+03,1.000000000000000000e+03,1.000000000000000000e+03,1.000000000000000000e+03,1.000000000000000000e+03,1.000000000000000000e+03
2.120584460183610354e+00,5.821350171577011956e+00,6.035230637423006250e+00,6.249111103269001433e+00,6.462991569114993062e+00,6.676872034960987357e+00,6.890752500806980763e+00
1.000000000000000000e+03,1.000000000000000000e+03,1.000000000000000000e+03,1.000000000000000000e+03,1.000000000000000000e+03,1.000000000000000000e+03,1.000000000000000000e+03
1.140201413326026092e+00,9.734110517161880249e-01,1.240166658769739527e+00,1.506922265823294804e+00,1.773677872876849193e+00,2.040433479930401361e+00,2.307189086983955750e+00
4.385461048461230860e+00,1.739672275128537748e+01,1.761381750577103134e+01,1.783091226025668519e+01,1.804800701474233549e+01,1.826510176922799644e+01,1.848219652371364674e+01
1.433540525747140748e+00,2.445864642395303434e+00,2.713149637559925331e+00,2.980434632724545452e+00,3.247719627889166905e+00,3.515004623053787469e+00,3.782289618218408922e+00
4.674837629650509641e+00,1.896098840275743314e+01,1.918265683411779321e+01,1.940432526547814618e+01,1.962599369683850270e+01,1.984766212819885922e+01,2.006933055955921574e+01
1.941187174710967023e+00,4.972450979968341400e+00,5.232067551165810571e+00,5.491684122363283294e+00,5.751300693560754240e+00,6.010917264758225187e+00,6.270533835955696134e+00
1.000000000000000000e+03,1.000000000000000000e+03,1.000000000000000000e+03,1.000000000000000000e+03,1.000000000000000000e+03,1.000000000000000000e+03,1.000000000000000000e+03
9.882381401472948301e-01,2.442526172297378451e-01,5.479479526429414937e-01,8.516432880561441987e-01,1.155338623469348569e+00,1.459033958882552273e+00,1.762729294295754423e+00
4.254872032499691592e+00,1.674139462069792827e+01,1.699189622206830919e+01,1.724239782343869010e+01,1.749289942480907456e+01,1.774340102617945547e+01,1.799390262754983993e+01
2.180688432066018478e+00,6.167988370731224634e+00,6.429363659742316273e+00,6.690738948753405246e+00,6.952114237764495996e+00,7.213489526775591187e+00,7.474864815786681049e+00
1.000000000000000000e+03,1.000000000000000000e+03,1.000000000000000000e+03,1.000000000000000000e+03,1.000000000000000000e+03,1.000000000000000000e+03,1.000000000000000000e+03
1.256740021073253999e+00,1.599199266895387606e+00,1.906409955352038832e+00,2.213620643808690502e+00,2.520831332265343505e+00,2.828042020721993843e+00,3.135252709178645958e+00
4.538673097057763783e+00,1.826869987659522465e+01,1.852544314084747867e+01,1.878218640509972559e+01,1.903892966935196895e+01,1.929567293360421942e+01,1.955241619785646634e+01
2.884632277909490838e+00,9.683404182587938891e+00,9.936563065776446990e+00,1.018972194896495154e+01,1.044288083215346141e+01,1.069603971534196241e+01,1.094919859853047228e+01
1.000000000000000000e+03,1.000000000000000000e+03,1.000000000000000000e+03,1.000000000000000000e+03,1.000000000000000000e+03,1.000000000000000000e+03,1.000000000000000000e+03
1.664470313320788097e+00,3.637646170199414275e+00,3.943278153878163383e+00,4.248910137556912048e+00,4.554542121235660268e+00,4.860174104914404936e+00,5.165806088593154932e+00
1.648483493618067230e+00,3.495422799399757530e+00,3.737598365785888443e+00,3.979773932172019801e+00,4.221949498558151603e+00,4.464125064944282073e+00,1.938124837876757489e+00
8.997176767343484372e+00,9.037509866411825854e+00,9.077842965480165560e+00,9.118176064548503490e+00,9.158509163616844972e+00,9.198842262685184679e+00,9.239175361753524385e+00
5.433629292217324824e+00,2.314337461827372167e+01,2.333891160865866965e+01,2.353444859904359987e+01,2.372998558942855141e+01,2.392552257981349584e+01,2.412105957019844027e+01
2.059469461522886569e+00,5.464358457604815200e+00,5.625261607965160948e+00,5.786164758325507584e+00,5.947067908685854221e+00,6.107971059046199080e+00,6.268874209406544828e+00
1.000000000000000000e+03,1.000000000000000000e+03,1.000000000000000000e+03,1.000000000000000000e+03,1.000000000000000000e+03,1.000000000000000000e+03,1.000000000000000000e+03
1.000000000000000000e+03,1.000000000000000000e+03,1.000000000000000000e+03,1.000000000000000000e+03,1.000000000000000000e+03,1.000000000000000000e+03,1.000000000000000000e+03
3.236899078529876128e+00,1.154409041260122493e+01,1.187143612244898172e+01,1.219878183229674384e+01,1.252612754214450064e+01,1.285347325199225743e+01,3.628583898015707909e+00
1.950947025707431559e-01,2.407318019574181955e-01,2.863689013440932074e-01,3.320060007307681915e-01,3.776431001174432867e-01,4.232801995041182708e-01,4.689172988907932549e-01
1.730293266291202281e+00,3.866913034760626200e+00,4.071450445525883310e+00,4.275987856291139977e+00,4.480525267056397531e+00,4.685062677821655086e+00,4.889600088586909976e+00
3.264004680473863829e+00,1.151018668976077919e+01,1.167611810023887564e+01,1.184204951071697387e+01,1.200798092119507388e+01,1.217391233167317033e+01,1.233984374215126856e+01
1.000000000000000000e+03,1.000000000000000000e+03,1.000000000000000000e+03,1.000000000000000000e+03,1.000000000000000000e+03,1.000000000000000000e+03,1.000000000000000000e+03
3.295158535543170064e-01,3.852565301403426123e-01,4.409972067263682738e-01,4.967378833123938242e-01,5.524785598984194301e-01,6.082192364844450916e-01,6.639599130704706420e-01
3.333207742535378326e+00,1.192619850182770413e+01,1.215215094583319377e+01,1.237810338983869052e+01,1.260405583384418371e+01,1.283000827784967868e+01,3.603557513643621757e+00
1.995815466447630637e+00,5.151830179240870500e+00,5.317287653804937619e+00,5.482745128368999410e+00,5.648202602933063865e+00,5.813660077497128320e+00,5.979117552061194552e+00
1.000000000000000000e+03,1.000000000000000000e+03,1.000000000000000000e+03,1.000000000000000000e+03,1.000000000000000000e+03,1.000000000000000000e+03,1.000000000000000000e+03
1.000000000000000000e+03,1.000000000000000000e+03,1.000000000000000000e+03,1.000000000000000000e+03,1.000000000000000000e+03,1.000000000000000000e+03,1.000000000000000000e+03
2.955579720443131997e+00,1.007822537065861113e+01,1.036770430283847766e+01,1.065718323501835307e+01,1.094666216719822494e+01,1.123614109937809502e+01,3.302569225940116482e+00
8.402815518989379839e+00,8.449331618487640583e+00,8.495847717985901326e+00,8.542363817484160293e+00,8.588879916982421037e+00,8.635396016480681780e+00,8.681912115978942523e+00
5.788068743554812379e+00,2.522154700620219714e+01,2.543706630330682117e+01,2.565258560041144875e+01,2.586810489751606923e+01,2.608362419462069326e+01,2.629914349172532084e+01
3.310403119992841425e+00,1.174644236930596897e+01,1.191245422055688152e+01,1.207846607180779053e+01,1.224447792305869775e+01,1.241048977430961209e+01,1.257650162556052287e+01
1.000000000000000000e+03,1.000000000000000000e+03,1.000000000000000000e+03,1.000000000000000000e+03,1.000000000000000000e+03,1.000000000000000000e+03,1.000000000000000000e+03
1.000000000000000000e+03,1.000000000000000000e+03,1.000000000000000000e+03,1.000000000000000000e+03,1.000000000000000000e+03,1.000000000000000000e+03,1.000000000000000000e+03
4.404378548116471670e+00,1.761621837818708158e+01,1.793275606712854042e+01,1.824929375607000637e+01,1.856583144501146521e+01,1.888236913395292405e+01,1.919890682289438999e+01
1.363411498038373804e+00,2.172986641913947636e+00,2.519142633043843560e+00,2.865298624173737707e+00,3.211454615303633187e+00,3.557610606433528222e+00,1.776568577731945542e+00
3.248162998359688913e+00,1.154937128247622091e+01,1.182903492209483076e+01,1.210869856171344061e+01,1.238836220133205224e+01,1.266802584095066031e+01,3.582898490691670101e+00
3.327866089609148315e+00,1.189035707171725065e+01,1.210898303076027460e+01,1.232760898980329856e+01,1.254623494884631896e+01,1.276486090788934114e+01,1.298348686693236864e+01
1.000000000000000000e+03,1.000000000000000000e+03,1.000000000000000000e+03,1.000000000000000000e+03,1.000000000000000000e+03,1.000000000000000000e+03,1.000000000000000000e+03
1.000000000000000000e+03,1.000000000000000000e+03,1.000000000000000000e+03,1.000000000000000000e+03,1.000000000000000000e+03,1.000000000000000000e+03,4.103947334424584009e-02
4.549016815617461518e+00,1.836725488583096677e+01,1.866268461462562200e+01,1.895811434342027724e+01,1.925354407221493247e+01,1.954897380100958770e+01,4.897120467919643616e+00
2.188010921203499048e+00,6.198509873212348253e+00,6.453474064443238234e+00,6.708438255674130879e+00,6.963402446905019971e+00,7.218366638135910840e+00,2.493788042656221560e+00
1.000000000000000000e+03,1.000000000000000000e+03,1.000000000000000000e+03,1.000000000000000000e+03,1.000000000000000000e+03,3.754638246682617114e-02,7.846217932238905290e-02
1.019876831166545150e+00,2.798243128322797091e-01,4.592916034216008025e-01,6.387588940109230062e-01,8.182261846002448769e-01,9.976934751895651932e-01,1.177160765778887619e+00
2.218556462520041350e+00,6.238493601332837812e+00,6.380417097551734251e+00,6.522340593770631578e+00,6.664264089989528017e+00,6.806187586208423568e+00,6.948111082427316454e+00
1.000000000000000000e+03,1.000000000000000000e+03,1.000000000000000000e+03,1.000000000000000000e+03,1.000000000000000000e+03,1.000000000000000000e+03,1.000000000000000000e+03
1.000000000000000000e+03,1.000000000000000000e+03,1.000000000000000000e+03,1.000000000000000000e+03,1.000000000000000000e+03,1.000000000000000000e+03,1.000000000000000000e+03
2.297743689118945998e+00,6.703477875127338059e+00,6.916192261305821987e+00,7.128906647484303249e+00,7.341621033662786289e+00,7.554335419841267552e+00,7.767049806019747926e+00
1.000000000000000000e+03,1.000000000000000000e+03,1.000000000000000000e+03,1.000000000000000000e+03,1.000000000000000000e+03,1.000000000000000000e+03,1.000000000000000000e+03
1.279189858832959992e+00,1.671052158359932482e+00,1.937001131797246645e+00,2.202950105234559253e+00,2.468899078671872083e+00,2.734848052109184025e+00,1.596239915583181679e+00
4.505104323429746316e+00,1.803770704882686715e+01,1.825469591915196688e+01,1.847168478947707015e+01,1.868867365980216988e+01,1.890566253012727316e+01,1.912265140045236933e+01
1.737754270434054060e+00,3.956563575085024542e+00,4.214581065126447257e+00,4.472598555167870416e+00,4.730616045209295351e+00,4.988633535250718509e+00,2.046555547050846524e+00
4.958226403346876587e+00,2.050647775056895128e+01,2.072214173109459168e+01,2.093780571162023207e+01,2.115346969214586537e+01,2.136913367267149866e+01,5.210647964320997083e+00
2.007558595124092182e+00,5.306345785298974604e+00,5.569065252674443300e+00,5.831784720049910220e+00,6.094504187425381581e+00,6.357223654800850277e+00,2.322456861976027298e+00
5.203341541439325368e+00,2.188227513120578749e+01,2.210488488448287825e+01,2.232749463775996901e+01,2.255010439103705266e+01,2.277271414431413632e+01,5.462541109811721363e+00
3.684490995316187956e+00,1.369094860115331791e+01,1.388420889800170066e+01,1.407746919485008696e+01,1.427072949169846972e+01,1.446398978854685069e+01,3.915110101688241251e+00
2.147284549646531371e+00,5.898982970567660189e+00,6.056891384553320101e+00,6.214799798538980014e+00,6.372708212524637261e+00,6.530616626510295397e+00,2.336620935085376605e+00
6.071483094921389378e-01,6.329963311292380324e-01,6.588443527663370158e-01,6.846923744034361103e-01,7.105403960405353159e-01,7.363884176776341883e-01,7.622364393147332828e-01
8.465944567592711412e-01,8.675875848560986592e-01,8.885807129529258441e-01,9.095738410497533621e-01,9.305669691465806581e-01,9.515600972434080651e-01,9.725532253402355831e-01
1.095906030329475866e+00,5.706177095333346827e-01,6.569882396042187045e-01,7.433587696751035034e-01,8.297292997459890795e-01,9.160998298168737675e-01,1.002470359887758011e+00
1.358239435928701111e+00,1.873554657943320878e+00,1.943565477687145604e+00,2.013576297430970552e+00,2.083587117174795722e+00,2.153597936918620004e+00,2.223608756662443842e+00
1.631266441166804304e+00,3.226590634513154754e+00,3.283254424071948119e+00,3.339918213630745480e+00,3.396582003189540622e+00,3.453245792748333987e+00,3.509909582307130016e+00
1.912293651336001821e+00,4.617591570114274013e+00,4.663387484784077053e+00,4.709183399453881869e+00,4.754979314123685796e+00,4.800775228793488836e+00,4.846571143463291875e+00
2.198350578550007040e+00,6.033800489214426577e+00,6.070763294070470550e+00,6.107726098926512748e+00,6.144688903782553169e+00,6.181651708638596254e+00,6.218614513494636675e+00
1.000000000000000000e+03,1.000000000000000000e+03,1.000000000000000000e+03,1.000000000000000000e+03,1.000000000000000000e+03,1.000000000000000000e+03,1.000000000000000000e+03
1.000000000000000000e+03,1.000000000000000000e+03,1.000000000000000000e+03,1.000000000000000000e+03,1.000000000000000000e+03,1.000000000000000000e+03,1.000000000000000000e+03
2.606420398674064387e+00,8.209982035392874522e+00,8.387363449139117577e+00,8.564744862885360632e+00,8.742126276631601911e+00,8.919507690377846743e+00,9.096889104124088021e+00
1.000000000000000000e+03,1.000000000000000000e+03,1.000000000000000000e+03,1.000000000000000000e+03,1.000000000000000000e+03,1.000000000000000000e+03,1.000000000000000000e+03
3.239633608858403235e+00,1.144070476013955862e+01,1.165775246237442353e+01,1.187480016460928134e+01,1.209184786684414270e+01,1.230889556907900051e+01,1.252594327131386365e+01
1.000000000000000000e+03,1.000000000000000000e+03,1.000000000000000000e+03,4.876332460149727932e-02,1.084006692074744177e-01,1.680380138134515700e-01,2.276753584194287638e-01
3.928190525382662557e+00,1.501535804223460069e+01,1.526108342196844703e+01,1.550680880170229337e+01,1.575253418143614326e+01,1.599825956116998960e+01,1.624398494090383949e+01
1.744973284524345303e+00,4.002673682607259309e+00,4.270949092396268298e+00,4.539224502185274623e+00,4.807499911974280948e+00,5.075775321763288161e+00,5.344050731552294486e+00
2.819915966808088648e+00,9.271152560768079809e+00,9.439803928805003963e+00,9.608455296841926341e+00,9.777106664878848719e+00,9.945758032915779978e+00,3.022232608790115016e+00
1.122548105484563230e+01,1.125369960549247139e+01,1.128191815613930693e+01,1.131013670678614425e+01,1.133835525743297978e+01,1.136657380807981710e+01,1.139479235872665264e+01
7.114147010110475122e+00,3.332177804503844243e+01,3.348519287204122463e+01,3.364860769904401394e+01,3.381202252604681036e+01,3.397543735304959966e+01,7.294938295769362924e+00
3.915005269240818819e+00,1.481597401876427611e+01,1.494634542397341015e+01,1.507671682918255307e+01,1.520708823439169244e+01,1.533745963960083181e+01,4.070272467727422239e+00
7.034207701037121785e-01,7.255297457621030510e-01,7.476387214204940346e-01,7.697476970788847961e-01,7.918566727372756686e-01,8.139656483956666522e-01,8.360746240540575247e-01
2.288090429331349984e+00,6.542767257809185999e+00,6.642056549986544489e+00,6.741345842163903868e+00,6.840635134341264134e+00,6.939924426518624401e+00,7.039213718695982891e+00
1.000000000000000000e+03,1.000000000000000000e+03,1.000000000000000000e+03,1.000000000000000000e+03,1.000000000000000000e+03,1.000000000000000000e+03,1.000000000000000000e+03
1.000000000000000000e+03,1.000000000000000000e+03,1.000000000000000000e+03,1.000000000000000000e+03,1.000000000000000000e+03,1.000000000000000000e+03,1.000000000000000000e+03
6.858798917560898545e+00,7.053342900312741470e+00,7.247886883064586172e+00,7.442430865816430874e+00,7.636974848568271135e+00,7.831518831320117613e+00,2.604918802531021260e+00
1.000000000000000000e+03,1.000000000000000000e+03,1.000000000000000000e+03,1.000000000000000000e+03,1.000000000000000000e+03,1.000000000000000000e+03,1.000000000000000000e+03
1.112150704053992412e+00,5.571127519622013358e-01,5.477026994968258178e-01,5.382926470314496337e-01,5.288825945660736716e-01,5.194725421006980426e-01,5.100624896353218585e-01
4.108756454186356599e+00,1.567734135927524619e+01,1.566959354021412665e+01,1.566184572115300178e+01,1.565409790209188579e+01,1.564635008303076269e+01,1.563860226396964315e+01
1.000000000000000000e+03,1.000000000000000000e+03,1.000000000000000000e+03,1.000000000000000000e+03,1.000000000000000000e+03,1.000000000000000000e+03,1.000000000000000000e+03
2.656320665908794343e+00,8.413814374251279204e+00,8.545542390614640382e+00,8.677270406978003336e+00,8.808998423341362738e+00,8.940726439704729245e+00,9.072454456068088646e+00
1.000000000000000000e+03,1.000000000000000000e+03,1.000000000000000000e+03,1.000000000000000000e+03,1.000000000000000000e+03,1.000000000000000000e+03,1.000000000000000000e+03
1.270962996261900457e+00,1.589056702044461922e+00,1.814133710342916928e+00,2.039210718641372821e+00,2.264287726939827383e+00,2.489364735238281501e+00,2.714441743536735174e+00
4.316784435220463401e+00,1.699629714196513675e+01,1.718190143009292115e+01,1.736750571822070555e+01,1.755311000634849350e+01,1.773871429447627435e+01,1.792431858260405875e+01
1.000000000000000000e+03,1.000000000000000000e+03,1.943274646338627107e-02,8.220181608251421468e-02,1.449708857016421548e-01,2.077399553207701088e-01,2.705090249398980351e-01
2.933404339928142424e+00,9.934551770818302430e+00,1.019283476170110703e+01,1.045111775258390630e+01,1.070940074346671089e+01,1.096768373434951194e+01,3.243047538459058465e+00
5.968026626232193266e+00,2.630839083603683548e+01,2.653011435161934628e+01,2.675183786720185708e+01,2.697356138278436077e+01,2.719528489836686447e+01,6.221377598197654457e+00
4.528174817850867839e+00,1.813078186961634586e+01,1.832136624936157787e+01,1.851195062910680633e+01,1.870253500885203479e+01,1.889311938859726681e+01,1.908370376834249882e+01
1.000000000000000000e+03,1.000000000000000000e+03,1.000000000000000000e+03,1.000000000000000000e+03,1.000000000000000000e+03,1.000000000000000000e+03,1.000000000000000000e+03
1.000000000000000000e+03,4.699258996527338333e-02,1.273625715055201890e-01,2.077325530457669600e-01,2.881025345860137588e-01,3.684725161262605853e-01,4.488424976665073562e-01
6.545610951847184111e+00,3.001549758228145492e+01,3.036231648741847877e+01,3.070913539255550617e+01,3.105595429769253002e+01,3.140277320282955387e+01,6.934564697305964032e+00
3.370723633136276653e+00,1.219397718217730642e+01,1.249259777899340484e+01,1.279121837580951038e+01,1.308983897262561058e+01,1.338845956944171434e+01,3.727810308466124489e+00
9.430671689711892514e-01,9.910582322058716365e-01,1.972900255976337558e-01,4.398432811588421365e-01,6.823965367200510723e-01,9.249497922812593975e-01,1.167503047842469277e+00
2.175033589632224373e+00,6.086202446064432614e+00,6.293379786222222272e+00,6.500557126380009265e+00,6.707734466537798923e+00,6.914911806695587693e+00,7.122089146853376462e+00
1.000000000000000000e+03,1.000000000000000000e+03,1.000000000000000000e+03,1.000000000000000000e+03,1.000000000000000000e+03,1.000000000000000000e+03,1.000000000000000000e+03
1.000000000000000000e+03,1.000000000000000000e+03,1.000000000000000000e+03,1.000000000000000000e+03,1.000000000000000000e+03,1.000000000000000000e+03,1.000000000000000000e+03
2.254188042119071866e+00,6.522603012229866160e+00,6.771894746246247543e+00,7.021186480262629814e+00,7.270478214279013862e+00,7.519769948295397022e+00,2.553224937063544253e+00
5.414532510500619011e+00,2.305820544713287035e+01,2.326553068987331230e+01,2.347285593261375780e+01,2.368018117535420686e+01,2.388750641809465591e+01,2.409483166083510142e+01
3.912357298514379966e+00,1.485414019132327645e+01,1.503108699355606781e+01,1.520803379578885384e+01,1.538498059802163809e+01,1.556192740025442589e+01,1.573887420248721014e+01
1.000000000000000000e+03,1.000000000000000000e+03,1.000000000000000000e+03,1.000000000000000000e+03,1.000000000000000000e+03,1.000000000000000000e+03,1.000000000000000000e+03
1.000000000000000000e+03,1.000000000000000000e+03,1.000000000000000000e+03,1.000000000000000000e+03,1.000000000000000000e+03,1.000000000000000000e+03,1.000000000000000000e+03
5.726529543103222153e+00,2.501673478203839807e+01,2.533891592418399696e+01,2.566109706632959231e+01,2.598327820847518765e+01,2.630545935062078300e+01,2.662764049276637479e+01
2.656805215949054499e+00,8.559441412255898385e+00,8.833133567187669399e+00,9.106825722119438637e+00,9.380517877051209652e+00,9.654210031982975337e+00,9.927902186914744576e+00
1.000000000000000000e+03,1.000000000000000000e+03,1.000000000000000000e+03,1.000000000000000000e+03,1.000000000000000000e+03,1.000000000000000000e+03,1.000000000000000000e+03
1.000000000000000000e+03,1.000000000000000000e+03,1.000000000000000000e+03,1.000000000000000000e+03,1.000000000000000000e+03,1.000000000000000000e+03,1.000000000000000000e+03
5.450347813807939090e+00,2.354845741673256398e+01,2.396908445788373498e+01,2.438971149903490598e+01,2.481033854018606633e+01,2.523096558133724798e+01,2.565159262248841543e+01
1.496642165574695760e+00,2.905752811246237854e+00,3.318310231246727415e+00,3.730867651247216088e+00,4.143425071247703428e+00,4.555982491248194322e+00,1.989723317886469500e+00
3.454139865301095735e+00,1.264112632625413113e+01,1.295996395291655467e+01,1.327880157957898177e+01,1.359763920624140532e+01,1.391647683290383064e+01,3.835142337185475814e+00
2.532980825561949256e+00,7.930280245864803845e+00,8.194813484683367122e+00,8.459346723501928622e+00,8.723879962320493675e+00,8.988413201139055175e+00,9.252946439957623781e+00
1.000000000000000000e+03,1.000000000000000000e+03,1.000000000000000000e+03,1.000000000000000000e+03,1.000000000000000000e+03,1.000000000000000000e+03,1.000000000000000000e+03
1.000000000000000000e+03,1.000000000000000000e+03,1.000000000000000000e+03,1.000000000000000000e+03,1.000000000000000000e+03,1.000000000000000000e+03,1.000000000000000000e+03
3.224012429943832636e+00,1.147375653403602414e+01,1.179824011593938238e+01,1.212272369784274417e+01,1.244720727974609709e+01,1.277169086164946599e+01,3.612371972560647571e+00
1.026387941524745884e+00,3.670087368536242844e-01,6.008167818952701023e-01,8.346248269369159756e-01,1.068432871978560739e+00,1.302240917020207611e+00,1.304165460572860979e+00
2.164307490215090723e+00,6.024598627638951598e+00,6.223221332268760619e+00,6.421844036898572305e+00,6.620466741528381327e+00,6.819089446158190349e+00,7.017712150788000258e+00
1.000000000000000000e+03,1.000000000000000000e+03,1.000000000000000000e+03,1.000000000000000000e+03,1.000000000000000000e+03,1.000000000000000000e+03,1.000000000000000000e+03
1.000000000000000000e+03,1.000000000000000000e+03,1.000000000000000000e+03,1.000000000000000000e+03,1.000000000000000000e+03,1.000000000000000000e+03,1.000000000000000000e+03
2.245442023929756559e+00,6.474386414370132847e+00,6.718912017588326790e+00,6.963437620806516293e+00,7.207963224024711124e+00,7.452488827242901515e+00,2.538747766751407120e+00
5.455750031667622402e+00,2.328368230539751593e+01,2.348712253598876387e+01,2.369056276658000115e+01,2.389400299717124199e+01,2.409744322776247927e+01,5.691398155893987010e+00
3.924286699903503983e+00,1.491115943044395564e+01,1.508469317411855926e+01,1.525822691779317530e+01,1.543176066146778780e+01,1.560529440514239852e+01,4.130884692484555032e+00
2.360815611627522959e+00,6.944029588358938909e+00,7.082253308167645756e+00,7.220477027976351714e+00,7.358700747785055896e+00,7.496924467593764518e+00,7.635148187402465147e+00
1.000000000000000000e+03,1.000000000000000000e+03,1.000000000000000000e+03,1.000000000000000000e+03,1.000000000000000000e+03,1.000000000000000000e+03,1.000000000000000000e+03
1.000000000000000000e+03,1.000000000000000000e+03,1.000000000000000000e+03,1.000000000000000000e+03,1.000000000000000000e+03,1.000000000000000000e+03,1.000000000000000000e+03
3.619344546030817344e+00,1.345208484077870636e+01,1.373360126584701213e+01,1.401511769091531612e+01,1.429663411598362366e+01,1.457815054105193298e+01,3.955269215899705149e+00
8.289173915110508162e-01,8.779696107901548974e-01,9.270218300692589786e-01,9.760740493483632818e-01,1.271406214472804164e-01,3.755092923733821531e-01,1.123230707185675747e+00
2.223001588131947592e+00,6.330093673689439093e+00,6.541751364973763749e+00,6.753409056258092846e+00,6.965066747542420167e+00,7.176724438826749264e+00,2.476848360548860928e+00
3.611036099280868328e+00,1.328568598851091664e+01,1.345545277537528683e+01,1.362521956223964814e+01,1.379498634910401300e+01,1.396475313596838141e+01,1.413451992283274450e+01
1.000000000000000000e+03,1.000000000000000000e+03,1.000000000000000000e+03,1.000000000000000000e+03,1.000000000000000000e+03,1.000000000000000000e+03,1.000000000000000000e+03
6.007328002457555938e-01,6.564210137180471749e-01,7.121092271903387561e-01,7.677974406626301151e-01,8.234856541349216963e-01,8.791738676072130554e-01,9.348620810795048586e-01
3.677427041750798153e+00,1.368875681502225916e+01,1.391355477599778823e+01,1.413835273697332617e+01,1.436315069794885169e+01,1.458794865892438430e+01,3.945644654316037947e+00
2.214921025968778157e+00,6.274019163951327194e+00,6.469928127933392226e+00,6.665837091915456369e+00,6.861746055897521401e+00,7.057655019879584657e+00,2.449876067167590321e+00
7.464155102467566749e-01,7.778017582391738571e-01,8.091880062315907063e-01,8.405742542240078885e-01,8.719605022164249597e-01,9.033467502088420309e-01,9.347329982012589911e-01
9.593181919446113204e-01,9.844258154306300135e-01,4.814889264799735585e-02,1.751561023158465791e-01,3.021633119836958370e-01,4.291705216515444010e-01,1.109963932860723368e+00
1.181195679939094800e+00,1.015172270356623052e+00,1.116349735655094877e+00,1.217527200953567590e+00,1.318704666252038971e+00,1.419882131550511684e+00,1.521059596848983286e+00
1.416278930442895767e+00,2.175054527622279910e+00,2.255563871902137585e+00,2.336073216181998369e+00,2.416582560461856932e+00,2.497091904741714607e+00,2.577601249021574503e+00
1.662733515636481307e+00,3.391188377920528740e+00,3.455186317894497705e+00,3.519184257868465338e+00,3.583182197842430750e+00,3.647180137816399270e+00,3.711178077790368235e+00
1.918225720459831418e+00,4.652335022167350509e+00,4.703161305941213399e+00,4.753987589715072737e+00,4.804813873488932963e+00,4.855640157262794077e+00,4.906466441036654302e+00
2.180048465738425811e+00,5.946138442029121229e+00,5.986470739777571382e+00,6.026803037526023310e+00,6.067135335274472574e+00,6.107467633022923614e+00,6.147799930771374655e+00
1.000000000000000000e+03,1.000000000000000000e+03,1.000000000000000000e+03,1.000000000000000000e+03,1.000000000000000000e+03,1.000000000000000000e+03,1.000000000000000000e+03
1.000000000000000000e+03,1.000000000000000000e+03,1.000000000000000000e+03,1.000000000000000000e+03,1.000000000000000000e+03,1.000000000000000000e+03,1.000000000000000000e+03
2.235555992226868849e+00,6.355167327324458881e+00,6.529453828497826073e+00,6.703740329671193265e+00,6.878026830844558681e+00,7.052313332017926761e+00,7.226599833191293065e+00
1.000000000000000000e+03,1.000000000000000000e+03,1.000000000000000000e+03,1.000000000000000000e+03,1.000000000000000000e+03,1.000000000000000000e+03,1.000000000000000000e+03
2.164737286730444410e+00,6.051250190373699489e+00,6.275050658796386571e+00,6.498851127219077206e+00,6.722651595641765176e+00,6.946452064064451370e+00,2.433124222225256261e+00
5.857234016422830258e+00,2.559751204593138496e+01,2.578665907061854057e+01,2.597580609530571394e+01,2.616495311999287665e+01,2.635410014468004292e+01,6.074183025427732474e+00
4.094950131595443743e+00,1.579008877389851584e+01,1.595098925202383811e+01,1.611188973014915504e+01,1.627279020827446843e+01,1.643369068639978536e+01,4.286122014181812823e+00
2.297415705316711687e+00,6.618625593401456619e+00,6.747569674485097480e+00,6.876513755568733899e+00,7.005457836652372983e+00,7.134401917736011178e+00,7.263345998819652038e+00
1.000000000000000000e+03,1.000000000000000000e+03,1.000000000000000000e+03,1.000000000000000000e+03,1.000000000000000000e+03,1.000000000000000000e+03,1.000000000000000000e+03
1.000000000000000000e+03,1.000000000000000000e+03,1.000000000000000000e+03,1.000000000000000000e+03,1.000000000000000000e+03,1.000000000000000000e+03,1.000000000000000000e+03
3.103211943103834969e+00,1.080975156844976759e+01,1.108510650473873760e+01,1.136046144102771294e+01,1.163581637731668472e+01,1.191117131360565473e+01,3.433062351810895585e+00
8.622514771612870277e+00,8.666715133289654815e+00,8.710915494966439354e+00,8.755115856643222116e+00,8.799316218320006655e+00,8.843516579996789417e+00,8.887716941673572180e+00
5.975426660428125203e+00,2.630856077598286191e+01,2.651213654071603543e+01,2.671571230544920894e+01,2.691928807018238601e+01,2.712286383491555597e+01,2.732643959964872948e+01
3.266238432296708183e+00,1.151129008717838964e+01,1.166729131338646042e+01,1.182329253959453119e+01,1.197929376580260552e+01,1.213529499201067630e+01,1.229129621821874707e+01
1.000000000000000000e+03,1.000000000000000000e+03,1.000000000000000000e+03,1.000000000000000000e+03,1.000000000000000000e+03,1.000000000000000000e+03,1.000000000000000000e+03
1.000000000000000000e+03,1.000000000000000000e+03,1.000000000000000000e+03,1.000000000000000000e+03,1.000000000000000000e+03,1.000000000000000000e+03,1.000000000000000000e+03
4.914976461391086460e+00,2.041010757071599357e+01,2.073840940905272490e+01,2.106671124738946332e+01,2.139501308572620886e+01,2.172331492406294373e+01,5.298990621842953885e+00
1.552692582084441941e+00,3.124248244421997001e+00,3.474637855140999321e+00,3.825027465860000309e+00,4.175417076579002185e+00,4.525806687298003617e+00,1.971580640712600196e+00
3.241264804325682647e+00,1.150731422654959601e+01,1.178075996413623727e+01,1.205420570172287853e+01,1.232765143930951979e+01,1.260109717689616105e+01,3.568594669827297672e+00
3.319082215219069543e+00,1.184034091697574986e+01,1.205430391572964055e+01,1.226826691448352413e+01,1.248222991323741127e+01,1.269619291199129840e+01,3.575153566579232667e+00
3.345628746552244071e+00,1.193125733684610701e+01,1.210306248733416368e+01,1.227486763782221857e+01,1.244667278831027879e+01,1.261847793879833368e+01,3.551245728039087890e+00
3.348406778819256857e+00,1.190959493088601384e+01,1.204723895682879409e+01,1.218488298277157611e+01,1.232252700871436346e+01,1.246017103465714548e+01,3.513159613146000115e+00
3.329358611987540240e+00,1.178373735249745557e+01,1.189370670593272727e+01,1.200367605936799897e+01,1.211364541280327067e+01,1.222361476623854415e+01,3.461016736274661554e+00
3.290607482210951229e+00,1.156352377128562914e+01,1.165113879189398993e+01,1.173875381250234540e+01,1.182636883311070619e+01,1.191398385371906343e+01,3.395535850514689091e+00
