1.000000000000000000e+03,1.000000000000000000e+03,1.000000000000000000e+03,1.000000000000000000e+03,1.000000000000000000e+03,1.000000000000000000e+03,1.133224400702662171e+00,0.000000000000000000e+00
1.000000000000000000e+03,1.000000000000000000e+03,1.000000000000000000e+03,1.000000000000000000e+03,9.335448096873150137e-02,1.474990253956154573e+00,2.856626026943577479e+00,0.000000000000000000e+00
1.000000000000000000e+03,1.000000000000000000e+03,1.000000000000000000e+03,1.000000000000000000e+03,8.919575653401380366e-01,1.991791840275784820e+00,3.091626115211431713e+00,0.000000000000000000e+00
1.000000000000000000e+03,1.000000000000000000e+03,1.000000000000000000e+03,5.289911901091781665e-01,1.405340194252455488e+00,2.281689198395732365e+00,3.158038202539009909e+00,0.000000000000000000e+00
1.000000000000000000e+03,1.000000000000000000e+03,4.184097451912944798e-01,1.116222678418312686e+00,1.814035611645330892e+00,2.511848544872349098e+00,3.209661478099367304e+00,0.000000000000000000e+00
1.000000000000000000e+03,4.758202867631472488e-01,1.031159860596428723e+00,1.586499434429710087e+00,2.141839008262991229e+00,2.697178582096273036e+00,3.252518155929554400e+00,0.000000000000000000e+00
6.381890453180233402e-01,1.079904823150856341e+00,1.521620600983689009e+00,1.963336378816521899e+00,2.405052156649354789e+00,2.846767934482187901e+00,3.288483712315021013e+00,0.000000000000000000e+00
1.211970254818245829e+00,1.563125111452576599e+00,1.914279968086907591e+00,2.265434824721238360e+00,2.616589681355569574e+00,2.967744537989900344e+00,3.318899394624232002e+00,0.000000000000000000e+00
1.670664251082982332e+00,1.949683278521820773e+00,2.228702305960659213e+00,2.507721333399497876e+00,2.786740360838335651e+00,3.065759388277173869e+00,3.344778415716012532e+00,0.000000000000000000e+00
2.037336430288714695e+00,2.258930059079972796e+00,2.480523687871230010e+00,2.702117316662487667e+00,2.923710945453745325e+00,3.145304574245002538e+00,3.366898203036260639e+00,0.000000000000000000e+00
2.328321995588056303e+00,2.504228784156684817e+00,2.680135572725311999e+00,2.856042361293940068e+00,3.031949149862568138e+00,3.207855938431195764e+00,3.383762726999823389e+00,0.000000000000000000e+00
2.556501289509297337e+00,2.696080849128582813e+00,2.835660408747869177e+00,2.975239968367154653e+00,3.114819527986441017e+00,3.254399087605727381e+00,3.393978647225012857e+00,0.000000000000000000e+00
2.732227879523096536e+00,2.842938103799540706e+00,2.953648328075983986e+00,3.064358552352428156e+00,3.175068776628871881e+00,3.285779000905315161e+00,3.396489225181759330e+00,0.000000000000000000e+00
2.863867990760876836e+00,2.951647731496252813e+00,3.039427472231628791e+00,3.127207212967004768e+00,3.214986953702380745e+00,3.302766694437756279e+00,3.390546435173132256e+00,0.000000000000000000e+00
2.958231098047963137e+00,3.027806652718922464e+00,3.097382207389881348e+00,3.166957762060841119e+00,3.236533316731800891e+00,3.306108871402760663e+00,3.375684426073719990e+00,0.000000000000000000e+00
3.020912866646261907e+00,3.076043278006804549e+00,3.131173689367346746e+00,3.186304100727888944e+00,3.241434512088431141e+00,3.296564923448973339e+00,3.351695334809515092e+00,0.000000000000000000e+00
3.056567369503486731e+00,3.100240617154604639e+00,3.143913864805722103e+00,3.187587112456840455e+00,3.231260360107957919e+00,3.274933607759075382e+00,3.318606855410193734e+00,0.000000000000000000e+00
3.069122186074554115e+00,3.103711991656363356e+00,3.138301797238171709e+00,3.172891602819980061e+00,3.207481408401788414e+00,3.242071213983596767e+00,3.276661019565405564e+00,0.000000000000000000e+00
3.061950596838936001e+00,3.089341655897215322e+00,3.116732714955494199e+00,3.144123774013773076e+00,3.171514833072051953e+00,3.198905892130331718e+00,1.114623133639949870e+01,2.000000000000000000e+00
1.000000000000000000e+03,1.000000000000000000e+03,1.000000000000000000e+03,1.000000000000000000e+03,1.000000000000000000e+03,1.000000000000000000e+03,1.000000000000000000e+03,0.000000000000000000e+00
1.000000000000000000e+03,1.000000000000000000e+03,1.000000000000000000e+03,1.000000000000000000e+03,1.000000000000000000e+03,1.000000000000000000e+03,1.000000000000000000e+03,0.000000000000000000e+00
3.092041772512141851e+00,3.137186508633743376e+00,3.182331244755345789e+00,3.227475980876948203e+00,3.272620716998549728e+00,3.317765453120152586e+00,1.183382465209618495e+01,2.000000000000000000e+00
1.000000000000000000e+03,1.000000000000000000e+03,1.000000000000000000e+03,1.000000000000000000e+03,1.000000000000000000e+03,1.000000000000000000e+03,1.000000000000000000e+03,0.000000000000000000e+00
3.240836390993513394e+00,3.291158022505690450e+00,3.341479654017867507e+00,3.391801285530045007e+00,3.442122917042222507e+00,3.492444548554399120e+00,1.274626010319462388e+01,2.000000000000000000e+00
1.000000000000000000e+03,1.000000000000000000e+03,1.000000000000000000e+03,1.000000000000000000e+03,1.000000000000000000e+03,1.000000000000000000e+03,3.081827134167149790e-02,0.000000000000000000e+00
3.452527177889343601e+00,3.506803632000819348e+00,3.561080086112295540e+00,3.615356540223771287e+00,3.669632994335246590e+00,1.367665770830425664e+01,1.394917849716109792e+01,2.000000000000000000e+00
1.537192328687552401e+00,1.591923490426117027e+00,1.646654652164681654e+00,1.701385813903246280e+00,1.756116975641811573e+00,4.070560433673507283e+00,4.345319556615020673e+00,0.000000000000000000e+00
4.858729279120457711e+00,4.903841061106091637e+00,4.948952843091723786e+00,2.044073163381339953e+01,2.067160543004863982e+01,2.090247922628388011e+01,2.113335302251912395e+01,2.000000000000000000e+00
2.203376669039270652e+00,2.255994632864313232e+00,6.546167568573761919e+00,6.809382344814853383e+00,7.072597121055941294e+00,7.335811897297030093e+00,7.599026673538119780e+00,2.000000000000000000e+00
1.000000000000000000e+03,1.000000000000000000e+03,1.000000000000000000e+03,1.000000000000000000e+03,1.000000000000000000e+03,1.000000000000000000e+03,1.000000000000000000e+03,0.000000000000000000e+00
1.965787081643850964e+00,2.270247371549854343e+00,2.574707661455856833e+00,2.879167951361856659e+00,3.183628241267860925e+00,3.488088531173862528e+00,3.792548821079863686e+00,0.000000000000000000e+00
1.902594680865908927e+01,1.928160812908807742e+01,1.953726944951706557e+01,1.979293076994604306e+01,2.004859209037502765e+01,2.030425341080400869e+01,2.055991473123300040e+01,0.000000000000000000e+00
1.073977600062897686e+01,1.096410512578582974e+01,1.118843425094268795e+01,1.141276337609954084e+01,1.163709250125640438e+01,1.186142162641326259e+01,1.208575075157011192e+01,0.000000000000000000e+00
2.706079098501937175e+00,2.892355109334770802e+00,3.078631120167607538e+00,3.264907131000443385e+00,3.451183141833279677e+00,3.637459152666112416e+00,3.823735163498950040e+00,0.000000000000000000e+00
2.971327332428965295e+00,3.123713674942819818e+00,3.276100017456675229e+00,3.428486359970528419e+00,3.580872702484384718e+00,3.733259044998241016e+00,3.885645387512093318e+00,0.000000000000000000e+00
3.247329589563405339e+00,3.372518157826099650e+00,3.497706726088793960e+00,3.622895294351486495e+00,3.748083862614182582e+00,3.873272430876876449e+00,3.998460999139569427e+00,0.000000000000000000e+00
3.526482817271995529e+00,3.629131056285873402e+00,3.731779295299746835e+00,3.834427534313624264e+00,3.937075773327500805e+00,4.039724012341373793e+00,4.142372251355252999e+00,0.000000000000000000e+00
3.815260702071560761e+00,3.899235105011192193e+00,3.983209507950821848e+00,4.067183910890449283e+00,4.151158313830078050e+00,4.235132716769708594e+00,4.319107119709338249e+00,0.000000000000000000e+00
4.118559007676720896e+00,4.187094731074740395e+00,4.255630454472762558e+00,4.324166177870780281e+00,4.392701901268798892e+00,4.461237624666818391e+00,4.529773348064841443e+00,0.000000000000000000e+00
4.439780463387720921e+00,4.495584380962927007e+00,4.551388298538136645e+00,4.607192216113340955e+00,4.662996133688547040e+00,4.718800051263756679e+00,4.774603968838964541e+00,0.000000000000000000e+00
4.782279263533668612e+00,4.827610540339354550e+00,4.872941817145040488e+00,4.918273093950725539e+00,4.963604370756414141e+00,5.008935647562102744e+00,5.054266924367789571e+00,2.000000000000000000e+00
1.000000000000000000e+03,1.000000000000000000e+03,1.000000000000000000e+03,1.000000000000000000e+03,1.000000000000000000e+03,1.000000000000000000e+03,1.000000000000000000e+03,0.000000000000000000e+00
1.000000000000000000e+03,1.000000000000000000e+03,1.000000000000000000e+03,1.000000000000000000e+03,1.000000000000000000e+03,1.000000000000000000e+03,1.000000000000000000e+03,0.000000000000000000e+00
5.031052767316627872e+00,5.214387513192090928e+00,5.397722259067555761e+00,5.581057004943017930e+00,5.764391750818483651e+00,5.947726496693947595e+00,6.131061242569411540e+00,0.000000000000000000e+00
2.479391832996908462e+01,2.494749964458047842e+01,2.510108095919187221e+01,2.525466227380327666e+01,2.540824358841466690e+01,2.556182490302607135e+01,2.571540621763745804e+01,0.000000000000000000e+00
1.494001910792190735e+01,1.507034739963895653e+01,1.520067569135600927e+01,1.533100398307306733e+01,1.546133227479012540e+01,1.559166056650717280e+01,1.572198885822422376e+01,0.000000000000000000e+00
5.707736492797777395e+00,5.811760687009857484e+00,5.915784881221941127e+00,6.019809075434023882e+00,6.123833269646106636e+00,6.227857463858186726e+00,6.331881658070272145e+00,0.000000000000000000e+00
3.229192648063453630e-01,3.396024921145693320e-01,3.562857194227933566e-01,3.729689467310172701e-01,3.896521740392411837e-01,4.063354013474652082e-01,4.230186286556891218e-01,0.000000000000000000e+00
6.173686460296076151e-01,6.307381175950590446e-01,6.441075891605105852e-01,6.574770607259621258e-01,6.708465322914134443e-01,6.842160038568649849e-01,6.975854754223164145e-01,0.000000000000000000e+00
9.292047274214864094e-01,9.399098025257421885e-01,9.506148776299978564e-01,9.613199527342536355e-01,9.720250278385094145e-01,9.827301029427651935e-01,9.934351780470208615e-01,0.000000000000000000e+00
1.320364077026334737e+00,1.363535132047335230e+00,1.406706187068333946e+00,1.449877242089331775e+00,1.493048297110332268e+00,1.536219352131331206e+00,1.579390407152329034e+00,0.000000000000000000e+00
3.071841248014632875e+00,3.106215239273395490e+00,3.140589230532160769e+00,3.174963221790924717e+00,3.209337213049689108e+00,3.243711204308451723e+00,3.278085195567217003e+00,0.000000000000000000e+00
4.877780661435104470e+00,4.905148155360413931e+00,4.932515649285720727e+00,4.959883143211031964e+00,4.987250637136337872e+00,5.014618131061645556e+00,5.041985624986955905e+00,2.000000000000000000e+00
1.000000000000000000e+03,1.000000000000000000e+03,1.000000000000000000e+03,1.000000000000000000e+03,1.000000000000000000e+03,1.000000000000000000e+03,1.000000000000000000e+03,0.000000000000000000e+00
1.000000000000000000e+03,1.000000000000000000e+03,1.000000000000000000e+03,1.000000000000000000e+03,1.000000000000000000e+03,1.000000000000000000e+03,1.000000000000000000e+03,0.000000000000000000e+00
5.180312507879340167e+00,5.345985627559850961e+00,5.511658747240358203e+00,5.677331866920863668e+00,5.843004986601373574e+00,6.008678106281879927e+00,6.174351225962388057e+00,0.000000000000000000e+00
2.411188067684946645e+01,2.425001789297267152e+01,2.438815510909586948e+01,2.452629232521907454e+01,2.466442954134226540e+01,2.480256675746547401e+01,2.494070397358867552e+01,0.000000000000000000e+00
1.467905105467086102e+01,1.479646945595589003e+01,1.491388785724091370e+01,1.503130625852593738e+01,1.514872465981095573e+01,1.526614306109598118e+01,1.538356146238101196e+01,0.000000000000000000e+00
5.798579948598115763e+00,5.892253196036578267e+00,5.985926443475046099e+00,6.079599690913510379e+00,6.173272938351974659e+00,6.266946185790438051e+00,6.360619433228904107e+00,0.000000000000000000e+00
4.094803158141102073e-01,4.244899329566533264e-01,4.394995500991964454e-01,4.545091672417395090e-01,4.695187843842827391e-01,4.845284015268258027e-01,4.995380186693688662e-01,0.000000000000000000e+00
6.871225685162866137e-01,6.991455686464181918e-01,7.111685687765495478e-01,7.231915689066811259e-01,7.352145690368124820e-01,7.472375691669439490e-01,7.592605692970754161e-01,0.000000000000000000e+00
9.823288773622657066e-01,9.919525097600772057e-01,7.897217539406326675e-03,5.659380241402911516e-02,1.052903872886525594e-01,1.539869721632753929e-01,2.026835570378981710e-01,0.000000000000000000e+00
1.503563860371732508e+00,1.542355918805478066e+00,1.581147977239226732e+00,1.619940035672972289e+00,1.658732094106720512e+00,1.697524152540466069e+00,1.736316210974214069e+00,0.000000000000000000e+00
3.170945004424749580e+00,3.201843320472479437e+00,3.232741636520208850e+00,3.263639952567936042e+00,3.294538268615666787e+00,3.325436584663397088e+00,3.356334900711124725e+00,0.000000000000000000e+00
4.894607798880874050e+00,4.919220508437378570e+00,4.943833217993882201e+00,4.968445927550390273e+00,4.993058637106893904e+00,5.017671346663399312e+00,5.042284056219904720e+00,2.000000000000000000e+00
1.000000000000000000e+03,1.000000000000000000e+03,1.000000000000000000e+03,1.000000000000000000e+03,1.000000000000000000e+03,1.000000000000000000e+03,1.000000000000000000e+03,0.000000000000000000e+00
1.000000000000000000e+03,1.000000000000000000e+03,1.000000000000000000e+03,1.000000000000000000e+03,1.000000000000000000e+03,1.000000000000000000e+03,1.000000000000000000e+03,0.000000000000000000e+00
5.622534884155200530e+00,5.785344165674675132e+00,5.948153447194145294e+00,6.110962728713619896e+00,6.273772010233089169e+00,6.436581291752561107e+00,6.599390573272033045e+00,0.000000000000000000e+00
2.518026365233155772e+01,2.531672836508419167e+01,2.545319307783681495e+01,2.558965779058944179e+01,2.572612250334207218e+01,2.586258721609469902e+01,2.599905192884732941e+01,0.000000000000000000e+00
1.538998824953839417e+01,1.550570727911826552e+01,1.562142630869812798e+01,1.573714533827799400e+01,1.585286436785786712e+01,1.596858339743773314e+01,1.608430242701760093e+01,0.000000000000000000e+00
6.232092774463971807e+00,6.324319438942681337e+00,6.416546103421394420e+00,6.508772767900105727e+00,6.600999432378816145e+00,6.693226096857530116e+00,6.785452761336243199e+00,0.000000000000000000e+00
4.464054950510914499e-01,4.612046031898500709e-01,4.760037113286087473e-01,4.908028194673673683e-01,5.056019276061259893e-01,5.204010357448847213e-01,5.352001438836432312e-01,0.000000000000000000e+00
7.163253310868875623e-01,7.281909744377436100e-01,7.400566177885994357e-01,7.519222611394553724e-01,7.637879044903110870e-01,7.756535478411670237e-01,7.875191911920231824e-01,0.000000000000000000e+00
1.675897941475395017e-02,6.487168500282777805e-02,1.129843905909009155e-01,1.610970961789747469e-01,2.092098017670485921e-01,2.573225073551224096e-01,3.054352129431955887e-01,0.000000000000000000e+00
1.566675067584887726e+00,1.605067758993732774e+00,1.643460450402578932e+00,1.681853141811424202e+00,1.720245833220269693e+00,1.758638524629112299e+00,1.797031216037957346e+00,0.000000000000000000e+00
3.190966303523763425e+00,3.221602923278257258e+00,3.252239543032750646e+00,3.282876162787244922e+00,3.313512782541737867e+00,3.344149402296231255e+00,3.374786022050725087e+00,0.000000000000000000e+00
1.972374895822538887e+00,4.896315005254355590e+00,4.920767122981303032e+00,4.945219240708247810e+00,4.969671358435194364e+00,4.994123476162140030e+00,5.018575593889085695e+00,2.000000000000000000e+00
1.000000000000000000e+03,1.000000000000000000e+03,1.000000000000000000e+03,1.000000000000000000e+03,1.000000000000000000e+03,1.000000000000000000e+03,1.000000000000000000e+03,0.000000000000000000e+00
1.000000000000000000e+03,1.000000000000000000e+03,1.000000000000000000e+03,1.000000000000000000e+03,1.000000000000000000e+03,1.000000000000000000e+03,1.000000000000000000e+03,0.000000000000000000e+00
2.081796808013992806e+00,2.114470606773254158e+00,2.147144405532515066e+00,5.905420937187860986e+00,6.068965423485580324e+00,6.232509909783296997e+00,6.396054396081013671e+00,2.000000000000000000e+00
1.000000000000000000e+03,1.000000000000000000e+03,1.000000000000000000e+03,1.000000000000000000e+03,1.000000000000000000e+03,1.000000000000000000e+03,1.000000000000000000e+03,0.000000000000000000e+00
2.055378276630591028e+00,2.098466413321076640e+00,2.141554550011562696e+00,5.929532349233202382e+00,6.145203117037349116e+00,6.360873884841495851e+00,6.576544652645642586e+00,2.000000000000000000e+00
1.000000000000000000e+03,1.000000000000000000e+03,1.000000000000000000e+03,1.000000000000000000e+03,1.000000000000000000e+03,1.000000000000000000e+03,1.000000000000000000e+03,0.000000000000000000e+00
2.124340327776009119e+00,2.174582462368014557e+00,2.224824596960019552e+00,2.275066731552024102e+00,6.631445213248722936e+00,6.882841859621880332e+00,7.134238505995035950e+00,2.000000000000000000e+00
1.000000000000000000e+03,1.000000000000000000e+03,1.000000000000000000e+03,1.000000000000000000e+03,1.000000000000000000e+03,1.000000000000000000e+03,1.000000000000000000e+03,0.000000000000000000e+00
2.276336933113290772e+00,2.331674411656967205e+00,2.387011890200644082e+00,2.442349368744320515e+00,7.490803319894881795e+00,7.767578324421685387e+00,8.044353328948488979e+00,2.000000000000000000e+00
1.000000000000000000e+03,1.000000000000000000e+03,1.000000000000000000e+03,1.000000000000000000e+03,1.000000000000000000e+03,1.000000000000000000e+03,1.000000000000000000e+03,0.000000000000000000e+00
2.499154676592214575e+00,2.558198748147936463e+00,2.617242819703658352e+00,2.676286891259381129e+00,8.677862047010336255e+00,8.973123513218057568e+00,9.268384979425784209e+00,2.000000000000000000e+00
1.000000000000000000e+03,1.000000000000000000e+03,1.000000000000000000e+03,1.000000000000000000e+03,1.000000000000000000e+03,1.000000000000000000e+03,1.000000000000000000e+03,0.000000000000000000e+00
2.812346407170382978e+00,2.874026226646969384e+00,2.935706046123556678e+00,2.997385865600143084e+00,1.030233578514909176e+01,1.061094492229710795e+01,1.091955405944511881e+01,2.000000000000000000e+00
1.000000000000000000e+03,1.000000000000000000e+03,1.000000000000000000e+03,1.000000000000000000e+03,1.000000000000000000e+03,1.000000000000000000e+03,1.000000000000000000e+03,0.000000000000000000e+00
3.165753948129588657e+00,3.229393579036964113e+00,3.293033209944338235e+00,3.356672840851713246e+00,3.420312471759087813e+00,1.244906031059190532e+01,1.276800952450076032e+01,2.000000000000000000e+00
1.000000000000000000e+03,1.000000000000000000e+03,1.000000000000000000e+03,1.000000000000000000e+03,1.000000000000000000e+03,2.906727737860609687e-02,1.075564586440457132e-01,0.000000000000000000e+00
1.284061532734746436e+01,3.619192462052414516e+00,3.684241934469883351e+00,3.749291406887352629e+00,3.814340879304821907e+00,1.447575782755941276e+01,1.480278632760179391e+01,2.000000000000000000e+00
2.930700446969611850e+00,1.649204412363957761e+00,1.714261874181838063e+00,1.779319335999718366e+00,1.844376797817598668e+00,4.562698738665159404e+00,4.889098397004266516e+00,0.000000000000000000e+00
1.970734771093882287e+01,4.903203509209304478e+00,4.957605560871242822e+00,5.012007612533180279e+00,5.066409664195118623e+00,2.110015640270678361e+01,2.137871814106037149e+01,2.000000000000000000e+00
6.205549259902848114e+00,2.301228895123343055e+00,2.361789747066865175e+00,2.422350599010387295e+00,2.482911450953909860e+00,7.720110283451007582e+00,8.023022488160638233e+00,2.000000000000000000e+00
1.000000000000000000e+03,1.000000000000000000e+03,1.000000000000000000e+03,1.000000000000000000e+03,1.000000000000000000e+03,1.000000000000000000e+03,1.000000000000000000e+03,0.000000000000000000e+00
1.626874372624091958e+00,1.390941801433676961e+00,1.458306911029072950e+00,1.525672020624468272e+00,1.593037130219864039e+00,3.320398633734321869e+00,3.659103485956367141e+00,0.000000000000000000e+00
1.827981246034055474e+01,4.642817894307228244e+00,4.698857996453295272e+00,4.754898098599362299e+00,4.810938200745429327e+00,1.970784860799655291e+01,1.999345583752775468e+01,2.000000000000000000e+00
3.221058513558638925e+00,1.707198348999959370e+00,1.772089086819786274e+00,1.836979824639613401e+00,1.901870562459440084e+00,4.848145760589988917e+00,5.173563209996259182e+00,2.000000000000000000e+00
1.048507211351701685e+01,3.134256045275120695e+00,3.174460096848871427e+00,3.214664148422622159e+00,3.254868199996372891e+00,1.149159618354074830e+01,1.169290099754549495e+01,2.000000000000000000e+00
1.765752783165116213e+01,4.501739234362037934e+00,4.525787984811920239e+00,4.549836735261802545e+00,1.814594842794821972e+01,1.826805357702248855e+01,1.839015872609675029e+01,2.000000000000000000e+00
1.655160072243564429e+01,4.292078390939784605e+00,4.313744375155396327e+00,4.335410359371007161e+00,1.699021016615790813e+01,1.709986252708846877e+01,1.720951488801903650e+01,2.000000000000000000e+00
1.527977642775694811e+01,4.048768270479267350e+00,4.068792293217753375e+00,4.088816315956238512e+00,1.568385644496478371e+01,1.578487644926674882e+01,1.588589645356870328e+01,2.000000000000000000e+00
1.389957782381642737e+01,3.781957661080526556e+00,3.800645742671123095e+00,3.819333824261720078e+00,1.427559205489675165e+01,1.436959561266683139e+01,1.446359917043690757e+01,2.000000000000000000e+00
1.243665703607912398e+01,3.496248045136975513e+00,3.513860703035334154e+00,3.531473360933691907e+00,1.279014667809068229e+01,1.287851908859357586e+01,1.296689149909646588e+01,2.000000000000000000e+00
1.091556074257542086e+01,3.196385487490736477e+00,3.213135700520641347e+00,3.229885913550545329e+00,1.125109970593574538e+01,1.133498444677583095e+01,1.141886918761590763e+01,2.000000000000000000e+00
9.359530267351107824e+00,2.887202703789002012e+00,2.903255391751139669e+00,9.600417946398922098e+00,9.680713839414861965e+00,9.761009732430794728e+00,9.841305625446738148e+00,2.000000000000000000e+00
7.790481311540956355e+00,2.573555171327881030e+00,2.589028930725040922e+00,8.022589918720568036e+00,8.099959454447112961e+00,8.177328990173643675e+00,8.254698525900185047e+00,2.000000000000000000e+00
6.232232644956068768e+00,2.260870075657309464e+00,2.275835332395605537e+00,6.456809200577756869e+00,6.531668052451651718e+00,6.606526904325549232e+00,6.681385756199443193e+00,2.000000000000000000e+00
4.708544805341804640e+00,1.954645833864184779e+00,1.969129117133584961e+00,4.926151883770815587e+00,4.998687576580486791e+00,5.071223269390156219e+00,5.143758962199828311e+00,2.000000000000000000e+00
3.241505381000549413e+00,1.659999986871191213e+00,1.673991899824139651e+00,3.452130526943715694e+00,3.522338908924770529e+00,3.592547290905825808e+00,3.662755672886881531e+00,0.000000000000000000e+00
8.803800552527311751e+00,8.821176541718358521e+00,8.838552530909403515e+00,8.855928520100446732e+00,8.873304509291491726e+00,8.890680498482534944e+00,8.908056487673579937e+00,0.000000000000000000e+00
2.245891999476887690e+01,5.369904504569342762e+00,5.390768992867633891e+00,2.278216268671921796e+01,2.288991025070266971e+01,2.299765781468612502e+01,2.310540537866956612e+01,0.000000000000000000e+00
4.145521635890751178e+00,1.850769014363187859e+00,1.874385815117344922e+00,4.500611000350464685e+00,4.618974121837033486e+00,4.737337243323604952e+00,4.855700364810175529e+00,0.000000000000000000e+00
1.264202013372020517e+01,3.538069402202466573e+00,3.557212307650182925e+00,1.293024465384465138e+01,1.302631949388612576e+01,1.312239433392761256e+01,1.321846917396909049e+01,2.000000000000000000e+00
1.000000000000000000e+03,1.000000000000000000e+03,1.000000000000000000e+03,1.000000000000000000e+03,1.000000000000000000e+03,1.000000000000000000e+03,1.000000000000000000e+03,0.000000000000000000e+00
6.285801586039706512e-01,6.796060285835787695e-01,7.306318985631871099e-01,7.816577685427950062e-01,8.326836385224031245e-01,8.837095085020114649e-01,9.347353784816195832e-01,0.000000000000000000e+00
1.294130149410081998e+01,3.618718281858805064e+00,3.662143536504785857e+00,1.359596181929505754e+01,1.381418192769313436e+01,1.403240203609121828e+01,1.425062214448929510e+01,2.000000000000000000e+00
1.000000000000000000e+03,1.000000000000000000e+03,1.000000000000000000e+03,1.000000000000000000e+03,1.000000000000000000e+03,1.000000000000000000e+03,1.000000000000000000e+03,0.000000000000000000e+00
5.057003003494512150e+00,2.068978565488269972e+00,2.127564323949829639e+00,5.936667029810601903e+00,6.229888371915962786e+00,6.523109714021326333e+00,6.816331056126690768e+00,2.000000000000000000e+00
1.000000000000000000e+03,1.000000000000000000e+03,1.000000000000000000e+03,1.000000000000000000e+03,1.000000000000000000e+03,1.000000000000000000e+03,1.000000000000000000e+03,0.000000000000000000e+00
4.971565212276289891e-01,5.650013679778065345e-01,6.328462147279840799e-01,7.006910614781615143e-01,7.685359082283390597e-01,8.363807549785167161e-01,9.042256017286941505e-01,0.000000000000000000e+00
1.244626365035895077e+01,3.533929489180228423e+00,3.589923986358857455e+00,1.329001934983422295e+01,1.357127124965931664e+01,1.385252314948440677e+01,1.413377504930949868e+01,2.000000000000000000e+00
1.000000000000000000e+03,1.000000000000000000e+03,1.000000000000000000e+03,1.000000000000000000e+03,1.000000000000000000e+03,1.000000000000000000e+03,1.000000000000000000e+03,0.000000000000000000e+00
5.589286898963897521e+00,2.181800448134647574e+00,2.246430621450219878e+00,6.559336446931498976e+00,6.882686296254032499e+00,7.206036145576563356e+00,7.529385994899094214e+00,2.000000000000000000e+00
1.000000000000000000e+03,1.000000000000000000e+03,1.000000000000000000e+03,1.000000000000000000e+03,1.000000000000000000e+03,1.000000000000000000e+03,1.000000000000000000e+03,0.000000000000000000e+00
6.585546332728828833e-01,7.294586608960266227e-01,8.003626885191703622e-01,8.712667161423139905e-01,9.421707437654576189e-01,6.617857265824099444e-02,4.255463370028269576e-01,0.000000000000000000e+00
1.341238463869369291e+01,3.723562526900349390e+00,3.781723006951970500e+00,1.429038329300080079e+01,1.458304951110317305e+01,1.487571572920553997e+01,1.516838194730790867e+01,2.000000000000000000e+00
1.000000000000000000e+03,1.000000000000000000e+03,1.000000000000000000e+03,1.000000000000000000e+03,1.000000000000000000e+03,3.879366659979093055e-03,8.196258036229572830e-02,0.000000000000000000e+00
8.048472030504232322e+00,2.673322614127100483e+00,2.737399451479998636e+00,9.009892764730327741e+00,9.330366342805694657e+00,9.650839920881054468e+00,9.971313498956424937e+00,2.000000000000000000e+00
1.000000000000000000e+03,1.000000000000000000e+03,1.000000000000000000e+03,1.000000000000000000e+03,1.000000000000000000e+03,1.000000000000000000e+03,1.000000000000000000e+03,0.000000000000000000e+00
8.911174469059457426e-01,1.247267825990194590e+00,1.317537082442219898e+00,1.952504440903774396e+00,2.306300105569718983e+00,2.660095770235661128e+00,3.013891434901603716e+00,0.000000000000000000e+00
1.618591119300059944e+01,4.253136480004097386e+00,4.310712563230837624e+00,1.706080586875421901e+01,1.735243742733875649e+01,1.764406898592329753e+01,1.793570054450783857e+01,2.000000000000000000e+00
3.678112442937839788e-01,4.437939395274532184e-01,5.197766347611226800e-01,5.957593299947920862e-01,6.717420252284613813e-01,7.477247204621307874e-01,8.237074156958000826e-01,0.000000000000000000e+00
1.189753558162372293e+01,3.432793033362848245e+00,3.495104799364301851e+00,1.283577288278489981e+01,1.314851864983862484e+01,1.346126441689234809e+01,1.377401018394606957e+01,2.000000000000000000e+00
1.000000000000000000e+03,1.000000000000000000e+03,1.000000000000000000e+03,1.000000000000000000e+03,3.705233623625143764e-03,8.084584343712879206e-02,1.579864532506324304e-01,0.000000000000000000e+00
8.452031747916850080e+00,2.753236102724201828e+00,2.816757149694050000e+00,9.405237570277908077e+00,9.722972844398260150e+00,1.004070811851861400e+01,1.035844339263896963e+01,2.000000000000000000e+00
1.000000000000000000e+03,1.000000000000000000e+03,1.000000000000000000e+03,1.000000000000000000e+03,1.000000000000000000e+03,1.000000000000000000e+03,1.000000000000000000e+03,0.000000000000000000e+00
1.271255894227089955e+00,1.322739007504889264e+00,1.392785772660279031e+00,2.328472771016625753e+00,2.680878396613136871e+00,3.033284022209648434e+00,3.385689647806160885e+00,0.000000000000000000e+00
1.658802137390173215e+01,4.328851941438333739e+00,4.386360533469436440e+00,1.746285378575777969e+01,1.775446458970979435e+01,1.804607539366182323e+01,1.833768619761383079e+01,2.000000000000000000e+00
1.633778759570975528e-02,1.071446100122134037e+00,1.139642394534998715e+00,1.048577517169286599e+00,1.392657427027145678e+00,1.736737336885003424e+00,2.080817246742860060e+00,0.000000000000000000e+00
1.518766852422611535e+01,4.062932113003733470e+00,4.119249346292155778e+00,1.604111793519506435e+01,1.632560107218471401e+01,1.661008420917436723e+01,1.689456734616401334e+01,2.000000000000000000e+00
9.782581420282139284e-01,1.043179198114735584e+00,1.108100254201257240e+00,8.732868951023129434e-01,1.200984786964603535e+00,1.528682678826897012e+00,1.856380570689187381e+00,0.000000000000000000e+00
1.499057088562272000e+01,4.023198236527910865e+00,4.076999063258779366e+00,1.580539123990076433e+01,1.607699802466011363e+01,1.634860480941946292e+01,1.662021159417880511e+01,2.000000000000000000e+00
8.681295852826189652e-01,1.233191207704109171e+00,1.294014716354058292e+00,1.787192384743893525e+00,2.093546651230984601e+00,2.399900917718075455e+00,2.706255184205167197e+00,0.000000000000000000e+00
1.594261530415815642e+01,4.201457631784425217e+00,4.252050861990483988e+00,1.671058774565600658e+01,1.696657855948862093e+01,1.722256937332124238e+01,1.747856018715385673e+01,2.000000000000000000e+00
1.566554441197887559e+00,1.623000952171739675e+00,1.679447463145591790e+00,3.693114510504297510e+00,3.976395508393692158e+00,4.259676506283089914e+00,4.542957504172487226e+00,0.000000000000000000e+00
4.528554784532276223e+00,4.575666995478928634e+00,4.622779206425581044e+00,1.867385063633831166e+01,1.891357758091353958e+01,1.915330452548877815e+01,1.939303147006401673e+01,2.000000000000000000e+00
2.126626796377156126e+00,2.178860138823448533e+00,6.159637416485288064e+00,6.420981242623842178e+00,6.682325068762395404e+00,6.943668894900945077e+00,7.205012721039495638e+00,2.000000000000000000e+00
1.000000000000000000e+03,1.000000000000000000e+03,1.000000000000000000e+03,1.000000000000000000e+03,1.000000000000000000e+03,1.000000000000000000e+03,1.000000000000000000e+03,0.000000000000000000e+00
5.574665288733624546e-01,6.206003396872440403e-01,6.837341505011255149e-01,7.468679613150069896e-01,8.100017721288883532e-01,8.731355829427698279e-01,9.362693937566514135e-01,0.000000000000000000e+00
3.532832199397348383e+00,3.585185343467010899e+00,1.325165046674643321e+01,1.351468632655067026e+01,1.377772218635491264e+01,1.404075804615914436e+01,1.430379390596338318e+01,2.000000000000000000e+00
1.815767199466048032e+00,1.867846769291501285e+00,4.609169596708851735e+00,4.870108169886678162e+00,5.131046743064505478e+00,5.391985316242333681e+00,5.652923889420157444e+00,2.000000000000000000e+00
1.767424138623072016e+00,1.808549777740507070e+00,4.259530193934479847e+00,4.465699037098328716e+00,4.671867880262178474e+00,4.878036723426032673e+00,5.084205566589884207e+00,2.000000000000000000e+00
1.785558039108595008e+00,1.820000811654348460e+00,4.283346352269650659e+00,4.456009481113286874e+00,4.628672609956924866e+00,4.801335738800561082e+00,4.973998867644196409e+00,0.000000000000000000e+00
9.206077139190870895e+00,9.235858985045618752e+00,9.265640830900366609e+00,9.295422676755112690e+00,9.325204522609860547e+00,9.354986368464606628e+00,9.384768214319356261e+00,0.000000000000000000e+00
5.589611697646584609e+00,5.620452083668526555e+00,2.415133343516163933e+01,2.431147053192234253e+01,2.447160762868304573e+01,2.463174472544375249e+01,2.479188182220446279e+01,0.000000000000000000e+00
2.669268461913436141e+00,2.696442136582310578e+00,8.618619336752335158e+00,8.754496235349433775e+00,8.890373133946527062e+00,9.026250032543622126e+00,9.162126931140717190e+00,2.000000000000000000e+00
1.000000000000000000e+03,1.000000000000000000e+03,1.000000000000000000e+03,1.000000000000000000e+03,1.000000000000000000e+03,1.000000000000000000e+03,1.000000000000000000e+03,0.000000000000000000e+00
1.000000000000000000e+03,1.000000000000000000e+03,1.000000000000000000e+03,1.000000000000000000e+03,1.000000000000000000e+03,1.000000000000000000e+03,1.000000000000000000e+03,0.000000000000000000e+00
3.556432767249059435e+00,3.620288054198778749e+00,1.349387244760054294e+01,1.381489008128596829e+01,1.413590771497139897e+01,1.445692534865682610e+01,1.477794298234225323e+01,2.000000000000000000e+00
5.032384504427223071e-01,5.745314067995092033e-01,6.458243631562960996e-01,7.171173195130829958e-01,7.884102758698698921e-01,8.597032322266566773e-01,9.309961885834434625e-01,0.000000000000000000e+00
2.275839596704841483e+00,2.334609602775517878e+00,6.969067802066591710e+00,7.263009435581075479e+00,7.556951069095558360e+00,7.850892702610039464e+00,8.144834336124526786e+00,2.000000000000000000e+00
1.000000000000000000e+03,1.000000000000000000e+03,1.000000000000000000e+03,1.000000000000000000e+03,1.000000000000000000e+03,1.000000000000000000e+03,1.000000000000000000e+03,0.000000000000000000e+00
1.000000000000000000e+03,1.000000000000000000e+03,1.000000000000000000e+03,1.000000000000000000e+03,1.000000000000000000e+03,1.000000000000000000e+03,1.000000000000000000e+03,0.000000000000000000e+00
2.367977129206154441e+00,2.427120898645204417e+00,7.432674759372379647e+00,7.728447433489015417e+00,8.024220107605653851e+00,8.319992781722287845e+00,8.615765455838928943e+00,2.000000000000000000e+00
1.000000000000000000e+03,1.000000000000000000e+03,1.000000000000000000e+03,1.000000000000000000e+03,1.000000000000000000e+03,1.000000000000000000e+03,1.000000000000000000e+03,0.000000000000000000e+00
7.316867447113224454e-01,7.987297751882612706e-01,8.657728056652003179e-01,9.328158361421391431e-01,9.998588666190780794e-01,3.387360661048287591e-01,6.782708522036866583e-01,0.000000000000000000e+00
3.642528343390022183e+00,3.697201313690032354e+00,1.384136425242883384e+01,1.411635886434476994e+01,1.439135347626070605e+01,1.466634808817663860e+01,1.494134270009257648e+01,2.000000000000000000e+00
2.418241062051585399e-01,3.083287440719162942e-01,3.748333819386739929e-01,4.413380198054317471e-01,5.078426576721895014e-01,5.743472955389472556e-01,6.408519334057047878e-01,0.000000000000000000e+00
3.145925274860735588e+00,1.102495267984719263e+01,1.129848278554987573e+01,1.157201289125256061e+01,1.184554299695524548e+01,1.211907310265793036e+01,1.239260320836061169e+01,2.000000000000000000e+00
1.000000000000000000e+03,1.000000000000000000e+03,1.000000000000000000e+03,1.000000000000000000e+03,1.000000000000000000e+03,1.000000000000000000e+03,1.000000000000000000e+03,0.000000000000000000e+00
1.540274958549886497e+00,3.032536479777312888e+00,3.353528958882413313e+00,3.674521437987514183e+00,3.995513917092614609e+00,4.316506396197715034e+00,4.637498875302815016e+00,0.000000000000000000e+00
4.473588624696542837e+00,1.793006708060996246e+01,1.819600800735854307e+01,1.846194893410711657e+01,1.872788986085569718e+01,1.899383078760427068e+01,1.925977171435285129e+01,2.000000000000000000e+00
7.199246650439070638e-01,7.878505810426125189e-01,8.557764970413180849e-01,9.237024130400237620e-01,9.916283290387292171e-01,3.015600628507599246e-01,6.456077752491861110e-01,0.000000000000000000e+00
3.642690988206132463e+00,1.357369641583042252e+01,1.385462039985363525e+01,1.413554438387684087e+01,1.441646836790005182e+01,1.469739235192325566e+01,1.497831633594647016e+01,2.000000000000000000e+00
1.000000000000000000e+03,1.000000000000000000e+03,1.000000000000000000e+03,1.000000000000000000e+03,1.667833686424901110e-02,8.906474394789236360e-02,1.614511510315356779e-01,0.000000000000000000e+00
2.641852430164634224e+00,8.509726314057084906e+00,8.807932030547805269e+00,9.106137747038530961e+00,9.404343463529253100e+00,9.702549180019977015e+00,1.000075489651069560e+01,2.000000000000000000e+00
1.000000000000000000e+03,1.000000000000000000e+03,1.000000000000000000e+03,1.000000000000000000e+03,1.000000000000000000e+03,1.000000000000000000e+03,1.000000000000000000e+03,0.000000000000000000e+00
1.072357509059181702e+00,7.052043905531248935e-01,1.045673331301770981e+00,1.386142272050415070e+00,1.726611212799061379e+00,2.067080153547705024e+00,2.407549094296348891e+00,0.000000000000000000e+00
4.017795458837834843e+00,1.552526844051229560e+01,1.580508146470274689e+01,1.608489448889320172e+01,1.636470751308366189e+01,1.664452053727411496e+01,1.692433356146456092e+01,2.000000000000000000e+00
1.000000000000000000e+03,1.000000000000000000e+03,1.000000000000000000e+03,3.546551099906238708e-02,1.108099480448511698e-01,1.861543850906400011e-01,2.614988221364287768e-01,0.000000000000000000e+00
2.741454152877233152e+00,9.021789063792255092e+00,9.331900252169662124e+00,9.642011440547069157e+00,9.952122628924474412e+00,1.026223381730188144e+01,3.113399180756254658e+00,0.000000000000000000e+00
5.668544036912037676e+00,2.460748463722416801e+01,2.487229933425444273e+01,2.513711403128472810e+01,2.540192872831500281e+01,2.566674342534528819e+01,5.973264333411776761e+00,0.000000000000000000e+00
4.287840211716342331e+00,1.689066867100863334e+01,1.711915103794060755e+01,1.734763340487258887e+01,1.757611577180456308e+01,1.780459813873655150e+01,4.558348358732554395e+00,0.000000000000000000e+00
2.869614813582564317e+00,9.537737790095434320e+00,9.722474793709370289e+00,9.907211797323313363e+00,1.009194880093725111e+01,1.027668580455118885e+01,3.091182363498591990e+00,0.000000000000000000e+00
1.433399901564420098e+00,2.330650526304277825e+00,2.482345827700356278e+00,2.634041129096433842e+00,2.785736430492513183e+00,2.937431731888590747e+00,1.614432491960821059e+00,0.000000000000000000e+00
1.509446051585128901e+00,2.682882062886415842e+00,2.805830065327134193e+00,2.928778067767852544e+00,3.051726070208570452e+00,3.174674072649287915e+00,1.656249642766405294e+00,0.000000000000000000e+00
2.929433338518765417e+00,3.029276785839702502e+00,3.129120233160635589e+00,3.228963680481569565e+00,3.328807127802505317e+00,3.428650575123437516e+00,1.702578903750115558e+00,0.000000000000000000e+00
3.320629588801089493e+00,3.401544736967382576e+00,3.482459885133678323e+00,3.563375033299974515e+00,3.644290181466269374e+00,3.725205329632566009e+00,1.758286837043584905e+00,0.000000000000000000e+00
3.738597520505679839e+00,3.804038711001791917e+00,3.869479901497902663e+00,3.934921091994011633e+00,4.000362282490124599e+00,4.065803472986233125e+00,1.823536762448731752e+00,0.000000000000000000e+00
4.185667263959063078e+00,4.238485968564140727e+00,4.291304673169217487e+00,4.344123377774290695e+00,4.396942082379366568e+00,4.449760786984445993e+00,1.898081227121148462e+00,0.000000000000000000e+00
4.662106414844784830e+00,4.704650910935138874e+00,4.747195407025495584e+00,4.789739903115852293e+00,4.832284399206207226e+00,4.874828895296563935e+00,1.981372556075531977e+00,0.000000000000000000e+00
5.166628635769485278e+00,5.200829040487810140e+00,5.235029445206133225e+00,5.269229849924456310e+00,5.303430254642780284e+00,5.337630659361104257e+00,2.072645006668694112e+00,1.000000000000000000e+00
1.000000000000000000e+03,1.000000000000000000e+03,1.000000000000000000e+03,1.000000000000000000e+03,1.000000000000000000e+03,1.000000000000000000e+03,1.000000000000000000e+03,0.000000000000000000e+00
1.000000000000000000e+03,1.000000000000000000e+03,1.000000000000000000e+03,1.000000000000000000e+03,1.000000000000000000e+03,1.000000000000000000e+03,1.000000000000000000e+03,0.000000000000000000e+00
2.288364526040024050e+00,6.308026009635677944e+00,6.168285510857070442e+00,6.028545012078464715e+00,5.888804513299858989e+00,5.749064014521251487e+00,5.609323515742643984e+00,2.000000000000000000e+00
1.000000000000000000e+03,1.000000000000000000e+03,1.000000000000000000e+03,1.000000000000000000e+03,1.000000000000000000e+03,1.000000000000000000e+03,1.000000000000000000e+03,0.000000000000000000e+00
6.639128145120090529e+00,6.658900649338513666e+00,6.678673153556937692e+00,6.698445657775360829e+00,6.718218161993786630e+00,6.737990666212212432e+00,6.757763170430635569e+00,0.000000000000000000e+00
2.670522306603895402e+01,2.672320706892894293e+01,2.674119107181894961e+01,2.675917507470894918e+01,2.677715907759894165e+01,2.679514308048895543e+01,2.681312708337894435e+01,0.000000000000000000e+00
1.653160828042911135e+01,1.654757297444648501e+01,1.656353766846385156e+01,1.657950236248122522e+01,1.659546705649859888e+01,1.661143175051597254e+01,1.662739644453334265e+01,0.000000000000000000e+00
7.053288847360462910e+00,7.066982938484017041e+00,7.080677029607570283e+00,7.094371120731123526e+00,7.108065211854674992e+00,7.121759302978229123e+00,7.135453394101784141e+00,0.000000000000000000e+00
5.535843916414565635e-01,5.559366841404569382e-01,5.582889766394570907e-01,5.606412691384574654e-01,5.629935616374577290e-01,5.653458541364581036e-01,5.676981466354583672e-01,0.000000000000000000e+00
8.019539743777738261e-01,8.039209254737182953e-01,8.058878765696627644e-01,8.078548276656073446e-01,8.098217787615518137e-01,8.117887298574963939e-01,8.137556809534410851e-01,0.000000000000000000e+00
3.268419380530723783e-01,3.352237733401939868e-01,3.436056086273163168e-01,3.519874439144380363e-01,3.603692792015598112e-01,3.687511144886826964e-01,3.771329497758037497e-01,0.000000000000000000e+00
1.742366432645197083e+00,1.749367398057655842e+00,1.756368363470114602e+00,1.763369328882573583e+00,1.770370294295031677e+00,1.777371259707489326e+00,1.784372225119947197e+00,0.000000000000000000e+00
3.226377212664302441e+00,3.232197236190244016e+00,3.238017259716187368e+00,3.243837283242132496e+00,3.249657306768075848e+00,3.255477330294018312e+00,3.261297353819960776e+00,0.000000000000000000e+00
4.763188233828877571e+00,4.768006128060634730e+00,4.772824022292389223e+00,4.777641916524144605e+00,4.782459810755900875e+00,4.787277704987654481e+00,4.792095599219408975e+00,0.000000000000000000e+00
6.336569229827764715e+00,6.340542128139937894e+00,6.344515026452117290e+00,6.348487924764296686e+00,6.352460823076476970e+00,6.356433721388653701e+00,6.360406619700826880e+00,0.000000000000000000e+00
7.929800129463043135e+00,7.933064429631865089e+00,7.936328729800682602e+00,7.939593029969504556e+00,7.942857330138320293e+00,7.946121630307147576e+00,7.949385930475959761e+00,0.000000000000000000e+00
9.525569225745337931e+00,9.528242116378084603e+00,9.530915007010834827e+00,9.533587897643581499e+00,9.536260788276333500e+00,9.538933678909083724e+00,9.541606569541828620e+00,0.000000000000000000e+00
1.110579535957904795e+01,1.110797667798364152e+01,1.111015799638823154e+01,1.111233931479282333e+01,1.111452063319741512e+01,1.111670195160200514e+01,1.111888327000659693e+01,0.000000000000000000e+00
1.265139800321814789e+01,1.265317206925080562e+01,1.265494613528346335e+01,1.265672020131611752e+01,1.265849426734877348e+01,1.266026833338143653e+01,1.266204239941408360e+01,0.000000000000000000e+00
1.263389898807598044e+01,1.263533035058400955e+01,1.263676171309204932e+01,1.263819307560008021e+01,1.263962443810811997e+01,1.264105580061615619e+01,1.264248716312418352e+01,0.000000000000000000e+00
1.254197786816320814e+01,1.254313082532700818e+01,1.254428378249081000e+01,1.254543673965460293e+01,1.254658969681839764e+01,1.254774265398219590e+01,1.254889561114599061e+01,0.000000000000000000e+00
1.238281385811000312e+01,1.238373853853122064e+01,1.238466321895243638e+01,1.238558789937365567e+01,1.238651257979487497e+01,1.238743726021609071e+01,1.238836194063731355e+01,0.000000000000000000e+00
3.426025344467654055e+00,1.216052301453207640e+01,1.216126146855053491e+01,1.216199992256899876e+01,1.216273837658746082e+01,1.216347683060592288e+01,1.216421528462437784e+01,2.000000000000000000e+00
1.000000000000000000e+03,1.000000000000000000e+03,1.000000000000000000e+03,1.000000000000000000e+03,1.000000000000000000e+03,1.000000000000000000e+03,1.000000000000000000e+03,0.000000000000000000e+00
1.000000000000000000e+03,1.000000000000000000e+03,1.000000000000000000e+03,1.000000000000000000e+03,1.000000000000000000e+03,1.000000000000000000e+03,1.000000000000000000e+03,0.000000000000000000e+00
4.062861005719872409e+00,1.562844108459319337e+01,1.579462934775007277e+01,1.596081761090694151e+01,1.612700587406382269e+01,1.629319413722069498e+01,1.645938240037756373e+01,2.000000000000000000e+00
4.135454825557116187e+00,4.338591608074187533e+00,4.541728390591261544e+00,4.744865173108332002e+00,4.948001955625400683e+00,5.151138738142474693e+00,5.354275520659545151e+00,2.000000000000000000e+00
9.634985700181363910e+00,9.746982539165617965e+00,9.858979378149863138e+00,9.970976217134113639e+00,1.008297305611836236e+01,1.019496989510260931e+01,1.030696673408685449e+01,0.000000000000000000e+00
1.135709054824216402e+01,1.137558458342070367e+01,1.139407861859923621e+01,1.141257265377777230e+01,1.143106668895630840e+01,1.144956072413484449e+01,1.146805475931338059e+01,0.000000000000000000e+00
3.389390485978820067e+01,3.400050720054205300e+01,3.410710954129591954e+01,3.421371188204977187e+01,3.432031422280361710e+01,3.442691656355749075e+01,3.453351890431134308e+01,0.000000000000000000e+00
1.355005287614633858e+01,1.363353393897272881e+01,1.371701500179911903e+01,1.380049606462551104e+01,1.388397712745190660e+01,1.396745819027829683e+01,1.405093925310468883e+01,0.000000000000000000e+00
1.594911091578963824e-01,1.735121760630773946e-01,1.875332429682583513e-01,2.015543098734393357e-01,2.155753767786203201e-01,2.295964436838012768e-01,2.436175105889822612e-01,0.000000000000000000e+00
4.507343120433598749e+00,4.570086961769808553e+00,4.632830803106021911e+00,4.695574644442230827e+00,4.758318485778444185e+00,4.821062327114653101e+00,4.883806168450868235e+00,0.000000000000000000e+00
1.322787641303517070e+01,1.328006445304175465e+01,1.333225249304833149e+01,1.338444053305491366e+01,1.343662857306149583e+01,1.348881661306807622e+01,1.354100465307465306e+01,0.000000000000000000e+00
1.314140605818420759e+01,1.318440944249345925e+01,1.322741282680271624e+01,1.327041621111195902e+01,1.331341959542122133e+01,1.335642297973046944e+01,1.339942636403972820e+01,0.000000000000000000e+00
3.573404937495017641e+00,1.294993618413048608e+01,1.298562158120224197e+01,1.302130697827400496e+01,1.305699237534576618e+01,1.309267777241752206e+01,1.312836316948927973e+01,2.000000000000000000e+00
1.000000000000000000e+03,1.000000000000000000e+03,1.000000000000000000e+03,1.000000000000000000e+03,1.000000000000000000e+03,1.000000000000000000e+03,1.000000000000000000e+03,0.000000000000000000e+00
1.000000000000000000e+03,1.000000000000000000e+03,1.000000000000000000e+03,1.000000000000000000e+03,1.000000000000000000e+03,3.893750747870210888e-02,8.482834877964498532e-02,0.000000000000000000e+00
3.872925058402473475e+00,1.466006313202761469e+01,1.484647008405705293e+01,1.503287703608648052e+01,1.521928398811591343e+01,1.540569094014534635e+01,1.559209789217478459e+01,2.000000000000000000e+00
7.365915166084375798e-01,7.889461277743101686e-01,8.413007389401827574e-01,8.936553501060551241e-01,9.460099612719276019e-01,9.983645724378000796e-01,2.569753996918343053e-01,0.000000000000000000e+00
1.953064465730819776e+01,1.974849648906459976e+01,1.996634832082100530e+01,2.018420015257742151e+01,2.040205198433382350e+01,2.061990381609023970e+01,2.083775564784664169e+01,0.000000000000000000e+00
9.351705259027708550e+00,9.540044407884753497e+00,9.728383556741791338e+00,9.916722705598830956e+00,1.010506185445587413e+01,1.029340100331291552e+01,1.048174015216995336e+01,0.000000000000000000e+00
9.022765097619160901e-01,9.328753150196557042e-01,9.634741202773952073e-01,9.940729255351348215e-01,1.247858873378866612e-01,2.796486291755207465e-01,4.345113710131548457e-01,0.000000000000000000e+00
1.887402485830991905e+00,4.581684187414840181e+00,4.716608070072555670e+00,4.851531952730266717e+00,4.986455835387978652e+00,5.121379718045690588e+00,5.256303600703404300e+00,2.000000000000000000e+00
1.000000000000000000e+03,1.000000000000000000e+03,1.000000000000000000e+03,1.000000000000000000e+03,1.000000000000000000e+03,1.000000000000000000e+03,1.000000000000000000e+03,0.000000000000000000e+00
1.000000000000000000e+03,1.000000000000000000e+03,1.000000000000000000e+03,1.000000000000000000e+03,1.000000000000000000e+03,1.000000000000000000e+03,1.000000000000000000e+03,0.000000000000000000e+00
4.835740669400851566e+00,5.052512877008271452e+00,5.269285084615686898e+00,5.486057292223107673e+00,5.702829499830524895e+00,5.919601707437943894e+00,6.136373915045362004e+00,2.000000000000000000e+00
1.000000000000000000e+03,1.000000000000000000e+03,1.000000000000000000e+03,1.000000000000000000e+03,1.000000000000000000e+03,1.000000000000000000e+03,1.000000000000000000e+03,0.000000000000000000e+00
1.169967165337153281e+00,1.124080602172925047e+00,1.391768353558585858e+00,1.659456104944250443e+00,1.927143856329912586e+00,2.194831607715573618e+00,2.462519359101235761e+00,0.000000000000000000e+00
4.504148554091646162e+00,1.803540388595958532e+01,1.825443004414040615e+01,1.847345620232121988e+01,1.869248236050204071e+01,1.891150851868285798e+01,1.913053467686367881e+01,2.000000000000000000e+00
3.799237897986311729e-01,4.451637820223720565e-01,5.104037742461128291e-01,5.756437664698536016e-01,6.408837586935944852e-01,7.061237509173352578e-01,7.713637431410760303e-01,0.000000000000000000e+00
3.711264465985396832e+00,1.391297701817837407e+01,1.418108135939181302e+01,1.444918570060524310e+01,1.471729004181868561e+01,1.498539438303212457e+01,1.525349872424555997e+01,2.000000000000000000e+00
1.000000000000000000e+03,1.000000000000000000e+03,1.000000000000000000e+03,1.000000000000000000e+03,1.000000000000000000e+03,1.000000000000000000e+03,4.605504729829762445e-02,0.000000000000000000e+00
2.942362613589351472e+00,1.002397322998668550e+01,1.032531089115224532e+01,1.062664855231779981e+01,1.092798621348335608e+01,1.122932387464891590e+01,1.153066153581447040e+01,2.000000000000000000e+00
1.000000000000000000e+03,1.000000000000000000e+03,1.000000000000000000e+03,1.000000000000000000e+03,1.000000000000000000e+03,1.000000000000000000e+03,1.000000000000000000e+03,0.000000000000000000e+00
2.205441541866593358e+00,6.355458253953545800e+00,6.681122869780945273e+00,7.006787485608345634e+00,7.332452101435744218e+00,7.658116717263144579e+00,7.983781333090544940e+00,2.000000000000000000e+00
1.000000000000000000e+03,1.000000000000000000e+03,1.000000000000000000e+03,1.000000000000000000e+03,1.000000000000000000e+03,1.000000000000000000e+03,1.000000000000000000e+03,0.000000000000000000e+00
1.515399381238174303e+00,2.931173056380511621e+00,3.275347613699566729e+00,3.619522171018621837e+00,3.963696728337676500e+00,4.307871285656730720e+00,4.652045842975785384e+00,0.000000000000000000e+00
4.899218981646836113e+00,2.027646974486298959e+01,2.056486716120400970e+01,2.085326457754501916e+01,2.114166199388604284e+01,2.143005941022704874e+01,2.171845682656807242e+01,2.000000000000000000e+00
1.079184128795198205e+00,7.756805840090160720e-01,1.152322486881506292e+00,1.528964389753992403e+00,1.905606292626480736e+00,2.282248195498968180e+00,2.658890098371458066e+00,0.000000000000000000e+00
4.444843789803736733e+00,1.783062651695385981e+01,1.814265979552780195e+01,1.845469307410175475e+01,1.876672635267571110e+01,1.907875963124965679e+01,1.939079290982360604e+01,2.000000000000000000e+00
7.444843866535661991e-01,8.225202698456259842e-01,9.005561530376857693e-01,9.785920362297454433e-01,2.865230315315184240e-01,6.814746914226373908e-01,1.076426351313757079e+00,0.000000000000000000e+00
4.093618202154268637e+00,1.597519131501696421e+01,1.629962932905139539e+01,1.662406734308583367e+01,1.694850535712026129e+01,1.727294337115470313e+01,1.759738138518913786e+01,2.000000000000000000e+00
5.128765856432013770e-01,5.924113047577701519e-01,6.719460238723389267e-01,7.514807429869079236e-01,8.310154621014768095e-01,9.105501812160454733e-01,9.900849003306145812e-01,0.000000000000000000e+00
3.845448518121639570e+00,3.910894933337326407e+00,1.501025230535910637e+01,1.534031218529459650e+01,1.567037206523007953e+01,1.600043194516557321e+01,1.633049182510105268e+01,2.000000000000000000e+00
3.785950230913727177e-01,4.585008357382063804e-01,5.384066483850399321e-01,6.183124610318735392e-01,6.982182736787071464e-01,7.781240863255406426e-01,8.580298989723743608e-01,0.000000000000000000e+00
3.694515427739904823e+00,3.760359509851232129e+00,1.422908145543241076e+01,1.456058756661526843e+01,1.489209367779812787e+01,1.522359978898098554e+01,1.555510590016384320e+01,2.000000000000000000e+00
3.333222257865095517e-01,4.128954571921751304e-01,4.924686885978406536e-01,5.720419200035062879e-01,6.516151514091719221e-01,7.311883828148373343e-01,8.107616142205030796e-01,0.000000000000000000e+00
3.632307947491509204e+00,3.697970516264046381e+00,1.390500677378259198e+01,1.423538389026722939e+01,1.456576100675186503e+01,1.489613812323650066e+01,1.522651523972113274e+01,2.000000000000000000e+00
3.663325418636341757e-01,4.451495058600886123e-01,5.239664698565430490e-01,6.027834338529975966e-01,6.816003978494520332e-01,7.604173618459064699e-01,8.392343258423609065e-01,0.000000000000000000e+00
3.647844368709166396e+00,3.712973944286305006e+00,1.397982465477529779e+01,1.430756721214785365e+01,1.463530976952040774e+01,1.496305232689296538e+01,1.529079488426551769e+01,2.000000000000000000e+00
5.130577332408390312e-01,5.896798850196356412e-01,6.663020367984321402e-01,7.429241885772287501e-01,8.195463403560253601e-01,8.961684921348218591e-01,9.727906439136185801e-01,0.000000000000000000e+00
3.778364126499178521e+00,3.841868495058451405e+00,1.464005638409240717e+01,1.496005343194234172e+01,1.528005047979227271e+01,1.560004752764221081e+01,1.592004457549213825e+01,2.000000000000000000e+00
7.529621746109284031e-01,8.264734108027183002e-01,8.999846469945084193e-01,9.734958831862982054e-01,2.378327361597134537e-01,6.098877733047803895e-01,9.819428104498476584e-01,0.000000000000000000e+00
4.003131381779544640e+00,4.064258670601573087e+00,1.579047640739402958e+01,1.609931287762879748e+01,1.640814934786358847e+01,1.671698581809835815e+01,1.702582228833313494e+01,2.000000000000000000e+00
1.055209284841642337e+00,1.125175891439009979e+00,9.838419023073959879e-01,1.336609135733670906e+00,1.689376369159943048e+00,2.042143602586219853e+00,2.394910836012491995e+00,0.000000000000000000e+00
4.290311919461449186e+00,4.348677816856427292e+00,1.728169348180031051e+01,1.757774693748991268e+01,1.787380039317951486e+01,1.816985384886911703e+01,1.846590730455871565e+01,2.000000000000000000e+00
1.392421420272014876e+00,1.458697123603588386e+00,2.637812252788308776e+00,2.970829442515130037e+00,3.303846632241949965e+00,3.636863821968766786e+00,3.969881011695587159e+00,0.000000000000000000e+00
4.611457628072052728e+00,4.666903971191431744e+00,1.897857687429559803e+01,1.926127457586404290e+01,1.954397227743248422e+01,1.982666997900091843e+01,2.010936768056937041e+01,2.000000000000000000e+00
1.902559127822833318e+00,1.964764155996200357e+00,5.142385491955588250e+00,5.453867889978791794e+00,5.765350288001998003e+00,6.076832686025199770e+00,6.388315084048403314e+00,2.000000000000000000e+00
1.000000000000000000e+03,1.000000000000000000e+03,1.000000000000000000e+03,1.000000000000000000e+03,1.000000000000000000e+03,1.000000000000000000e+03,1.000000000000000000e+03,0.000000000000000000e+00
8.705019816373448238e-01,9.394097663690459399e-01,4.196508418557546444e-02,3.902087066612565103e-01,7.384523291369362585e-01,1.086695951612618005e+00,1.434939574088298198e+00,0.000000000000000000e+00
4.099921387264496175e+00,4.157198126405073246e+00,1.625923057979610320e+01,1.654894509934061375e+01,1.683865961888513141e+01,1.712837413842964551e+01,1.741808865797415962e+01,2.000000000000000000e+00
2.012622692434138827e+00,2.071788302217621336e+00,5.660507005011564452e+00,5.956635550769067144e+00,6.252764096526571613e+00,6.548892642284074306e+00,6.845021188041576110e+00,2.000000000000000000e+00
1.000000000000000000e+03,1.000000000000000000e+03,1.000000000000000000e+03,1.000000000000000000e+03,1.000000000000000000e+03,1.000000000000000000e+03,1.000000000000000000e+03,0.000000000000000000e+00
1.003895533153575492e+00,1.070628114661150709e+00,6.929931209213546772e-01,1.029691727105364718e+00,1.366390333289373205e+00,1.703088939473382579e+00,2.039787545657392620e+00,0.000000000000000000e+00
4.245556162604273709e+00,4.300951381387134731e+00,1.701087350741365611e+01,1.729163294837420750e+01,1.757239238933475534e+01,1.785315183029531028e+01,1.813391127125586166e+01,2.000000000000000000e+00
2.615735714446019600e+00,2.670467603613751795e+00,8.627733819567117379e+00,8.901448394341809234e+00,9.175162969116504641e+00,9.448877543891194719e+00,9.722592118665890126e+00,2.000000000000000000e+00
1.000000000000000000e+03,1.000000000000000000e+03,1.000000000000000000e+03,1.000000000000000000e+03,1.000000000000000000e+03,1.000000000000000000e+03,1.000000000000000000e+03,0.000000000000000000e+00
1.364740150326494428e+00,1.428808336991357564e+00,1.492876523656220478e+00,2.799306639314087519e+00,3.121329034091900656e+00,3.443351428869712016e+00,3.765373823647522933e+00,0.000000000000000000e+00
4.489745613585856887e+00,4.542896673979614164e+00,4.596047734373373217e+00,1.856433175015607162e+01,1.883472535088055011e+01,1.910511895160502505e+01,1.937551255232949288e+01,2.000000000000000000e+00
2.922225239470342295e+00,2.974241407331851050e+00,3.026257575193360250e+00,1.040103600733695366e+01,1.066135895569892966e+01,1.092168190406089856e+01,1.118200485242287279e+01,2.000000000000000000e+00
1.000000000000000000e+03,1.000000000000000000e+03,1.000000000000000000e+03,1.000000000000000000e+03,1.000000000000000000e+03,1.000000000000000000e+03,1.000000000000000000e+03,0.000000000000000000e+00
1.272500673261012905e+00,1.335970240437013956e+00,1.399439807613015230e+00,2.328812900056195456e+00,2.648122224658056467e+00,2.967431549259915258e+00,3.286740873861773604e+00,0.000000000000000000e+00
4.196632865621262809e+00,4.249231723570613184e+00,4.301830581519964447e+00,1.698597906690628889e+01,1.725232763268601133e+01,1.751867619846574797e+01,1.778502476424547041e+01,2.000000000000000000e+00
1.910835810120775857e+00,1.966791377438663613e+00,2.022746944756551368e+00,5.401619737817981992e+00,5.681818621649212808e+00,5.962017505480444513e+00,6.242216389311674440e+00,2.000000000000000000e+00
1.000000000000000000e+03,1.000000000000000000e+03,1.000000000000000000e+03,1.000000000000000000e+03,1.000000000000000000e+03,1.000000000000000000e+03,1.000000000000000000e+03,0.000000000000000000e+00
3.105554287843674821e-01,3.763881096433049356e-01,4.422207905022422780e-01,5.080534713611796205e-01,5.738861522201170740e-01,6.397188330790544164e-01,7.055515139379918699e-01,0.000000000000000000e+00
3.254310063933674613e+00,3.308775170505537044e+00,3.363240277077398588e+00,1.212156048004720610e+01,1.239463057642727506e+01,1.266770067280733869e+01,1.294077076918740232e+01,2.000000000000000000e+00
1.000000000000000000e+03,1.000000000000000000e+03,1.000000000000000000e+03,1.000000000000000000e+03,1.000000000000000000e+03,1.000000000000000000e+03,1.000000000000000000e+03,0.000000000000000000e+00
1.720685098803522051e+00,1.785078021692289019e+00,1.849470944581056431e+00,4.580498833098527456e+00,4.903252291784014893e+00,5.226005750469504108e+00,5.548759209154988881e+00,2.000000000000000000e+00
1.691490560842643598e+00,1.742878027912606820e+00,1.794265494982570708e+00,4.240722630142119698e+00,4.498418139534566151e+00,4.756113648927009940e+00,5.013809158319454617e+00,2.000000000000000000e+00
1.724284233024910185e+00,1.767303739364850745e+00,1.810323245704791528e+00,4.278918996714418554e+00,4.494632760016339823e+00,4.710346523318261092e+00,4.926060286620185025e+00,0.000000000000000000e+00
9.103385389863067445e+00,9.139695735375386931e+00,9.176006080887708194e+00,9.212316426400025904e+00,9.248626771912347166e+00,9.284937117424666653e+00,9.321247462936986139e+00,0.000000000000000000e+00
5.501028709388957161e+00,5.539061603064502570e+00,5.577094496740047092e+00,2.392787079591265353e+01,2.412506050877223274e+01,2.432225022163181194e+01,2.451943993449138048e+01,0.000000000000000000e+00
3.089097742387495682e+00,3.121774454484203876e+00,3.154451166580913402e+00,3.187127878677622039e+00,1.111287127799712060e+01,1.127645881186604626e+01,1.144004634573496659e+01,2.000000000000000000e+00
1.000000000000000000e+03,1.000000000000000000e+03,1.000000000000000000e+03,1.000000000000000000e+03,1.000000000000000000e+03,1.000000000000000000e+03,1.000000000000000000e+03,0.000000000000000000e+00
1.000000000000000000e+03,1.000000000000000000e+03,1.000000000000000000e+03,1.000000000000000000e+03,1.000000000000000000e+03,1.000000000000000000e+03,1.000000000000000000e+03,0.000000000000000000e+00
4.608940374355367631e+00,4.675553854817063204e+00,4.742167335278757889e+00,4.808780815740453463e+00,1.977022257745318612e+01,2.011005180269914305e+01,2.044988102794511775e+01,2.000000000000000000e+00
1.355524219123008578e+00,1.431772738606702955e+00,1.508021258090397332e+00,1.584269777574091931e+00,3.319757162876768142e+00,3.702985199002279071e+00,4.086213235127788224e+00,0.000000000000000000e+00
3.317379040826665459e+00,3.379821365971384495e+00,3.442263691116103086e+00,3.504706016260822565e+00,1.287800141833652567e+01,1.319124146889568294e+01,1.350448151945483666e+01,2.000000000000000000e+00
1.000000000000000000e+03,1.000000000000000000e+03,1.000000000000000000e+03,1.000000000000000000e+03,1.000000000000000000e+03,1.000000000000000000e+03,1.000000000000000000e+03,0.000000000000000000e+00
6.069253808116851223e-01,6.809953282895374604e-01,7.550652757673896875e-01,8.291352232452421367e-01,9.032051707230944748e-01,9.772751182009467019e-01,2.603679866421207412e-01,0.000000000000000000e+00
3.399097578415087639e+00,3.459511948139347481e+00,3.519926317863606435e+00,3.580340687587865833e+00,1.325545646900081387e+01,1.355871124070137768e+01,1.386196601240194504e+01,2.000000000000000000e+00
1.000000000000000000e+03,1.000000000000000000e+03,1.000000000000000000e+03,1.000000000000000000e+03,1.000000000000000000e+03,1.000000000000000000e+03,1.000000000000000000e+03,0.000000000000000000e+00
1.823504658906100140e+00,1.889262995723508753e+00,1.955021332540917367e+00,2.020779669358326203e+00,5.442809294775591056e+00,5.772214133673919889e+00,6.101618972572249611e+00,2.000000000000000000e+00
1.770693102560601861e+00,1.823062200161685631e+00,1.875431297762769844e+00,1.927800395363854058e+00,4.912828814285308709e+00,5.175315291328123735e+00,5.437801768370938760e+00,2.000000000000000000e+00
1.786935343361455208e+00,1.830740273372841731e+00,1.874545203384228254e+00,1.918350133395614776e+00,4.822665996491211970e+00,5.042232730114804440e+00,5.261799463738399574e+00,2.000000000000000000e+00
1.803124879836480288e+00,1.839673743375961790e+00,1.876222606915443514e+00,1.912771470454925016e+00,4.758319727089864060e+00,4.941515803173541777e+00,5.124711879257214164e+00,2.000000000000000000e+00
1.822635052216642570e+00,1.852966461020220335e+00,1.883297869823797877e+00,4.579200882255848093e+00,4.731225440221822787e+00,4.883249998187795704e+00,5.035274556153769510e+00,2.000000000000000000e+00
1.847428037001759726e+00,1.872439534210955880e+00,1.897451031420152257e+00,4.622999488213541674e+00,4.748347140716547621e+00,4.873694793219558896e+00,4.999042445722565731e+00,0.000000000000000000e+00
9.284792820342474329e+00,9.308096571410862552e+00,9.331400322479250775e+00,9.354704073547635446e+00,9.378007824616023669e+00,9.401311575684408339e+00,9.424615326752798339e+00,0.000000000000000000e+00
5.674332474721995645e+00,5.697924794616176847e+00,5.721517114510357160e+00,2.467634947341699814e+01,2.479903973969499020e+01,2.492173000597296806e+01,2.504442027225094591e+01,0.000000000000000000e+00
2.001612440661672210e+00,2.024296032580017446e+00,2.046979624498362682e+00,2.069663216416707474e+00,5.470116776630156608e+00,5.583709017205884528e+00,5.697301257781611561e+00,2.000000000000000000e+00
1.000000000000000000e+03,1.000000000000000000e+03,1.000000000000000000e+03,1.000000000000000000e+03,1.000000000000000000e+03,1.000000000000000000e+03,1.000000000000000000e+03,0.000000000000000000e+00
1.000000000000000000e+03,1.000000000000000000e+03,1.000000000000000000e+03,1.000000000000000000e+03,1.000000000000000000e+03,1.000000000000000000e+03,1.000000000000000000e+03,0.000000000000000000e+00
4.378232484163790517e+00,4.449851824837471881e+00,4.521471165511152357e+00,4.593090506184833721e+00,1.862931759179322100e+01,1.899339205636431060e+01,1.935746652093540376e+01,2.000000000000000000e+00
3.564936927955665302e-01,4.403934950150300009e-01,5.242932972344935827e-01,6.081930994539570534e-01,6.920929016734206352e-01,7.759927038928842169e-01,8.598925061123476876e-01,0.000000000000000000e+00
2.394266398892098913e+00,2.462164830755093625e+00,2.530063262618088782e+00,2.597961694481082606e+00,8.330894498668181214e+00,8.670451674868216330e+00,9.010008851068251445e+00,2.000000000000000000e+00
1.000000000000000000e+03,1.000000000000000000e+03,1.000000000000000000e+03,1.000000000000000000e+03,1.000000000000000000e+03,1.000000000000000000e+03,1.000000000000000000e+03,0.000000000000000000e+00
1.000000000000000000e+03,1.000000000000000000e+03,1.000000000000000000e+03,1.000000000000000000e+03,3.964871489340207611e-02,1.172955231951915839e-01,1.949423314969810639e-01,0.000000000000000000e+00
2.494031244145128667e+00,2.557459731694524230e+00,2.620888219243920236e+00,2.684316706793317131e+00,8.740164431982348603e+00,9.057359114580078696e+00,9.374553797177808789e+00,2.000000000000000000e+00
1.000000000000000000e+03,1.000000000000000000e+03,1.000000000000000000e+03,1.000000000000000000e+03,1.000000000000000000e+03,1.000000000000000000e+03,1.000000000000000000e+03,0.000000000000000000e+00
5.944813625713711858e-01,6.651801372954952996e-01,7.358789120196196354e-01,8.065776867437438602e-01,8.772764614678679740e-01,9.479752361919923098e-01,9.465469283351442276e-02,0.000000000000000000e+00
3.381472870797004315e+00,3.439098486280282252e+00,3.496724101763559744e+00,3.554349717246838125e+00,1.310867365838321774e+01,1.339787883033989502e+01,1.368708400229658118e+01,2.000000000000000000e+00
1.000000000000000000e+03,1.000000000000000000e+03,1.000000000000000000e+03,1.000000000000000000e+03,1.000000000000000000e+03,1.000000000000000000e+03,1.000000000000000000e+03,0.000000000000000000e+00
1.498688562296547788e+00,1.565337385037341100e+00,1.631986207778134190e+00,3.507251138592955453e+00,3.841840563187887359e+00,4.176429987782817932e+00,4.511019412377749838e+00,0.000000000000000000e+00
4.287820681235391618e+00,4.342098980721052826e+00,4.396377280206713145e+00,4.450655579692373465e+00,1.777336386676141800e+01,1.804860814526020718e+01,1.832385242375899992e+01,2.000000000000000000e+00
1.000000000000000000e+03,1.000000000000000000e+03,1.000000000000000000e+03,1.000000000000000000e+03,1.000000000000000000e+03,1.000000000000000000e+03,7.773434121098256322e-02,0.000000000000000000e+00
2.380862357845155763e+00,2.445326315794913885e+00,2.509790273744670674e+00,7.872702964270469117e+00,8.195081435453197116e+00,8.517459906635934885e+00,8.839838377818665549e+00,2.000000000000000000e+00
1.000000000000000000e+03,1.000000000000000000e+03,1.000000000000000000e+03,1.000000000000000000e+03,1.000000000000000000e+03,1.000000000000000000e+03,1.000000000000000000e+03,0.000000000000000000e+00
5.164793487309969899e-01,5.876754052922484872e-01,6.588714618534997625e-01,7.300675184147512597e-01,8.012635749760028681e-01,8.724596315372541433e-01,9.436556880985055296e-01,0.000000000000000000e+00
3.319026595992237816e+00,3.377120909025824069e+00,3.435215222059409879e+00,1.250743643690689666e+01,1.279886120586614595e+01,1.309028597482538814e+01,1.338171074378463388e+01,2.000000000000000000e+00
1.000000000000000000e+03,1.000000000000000000e+03,1.000000000000000000e+03,1.000000000000000000e+03,1.000000000000000000e+03,1.000000000000000000e+03,1.000000000000000000e+03,0.000000000000000000e+00
1.476946301544946660e+00,1.543974074736328639e+00,1.611001847927710395e+00,3.404366584368677451e+00,3.740913718828047685e+00,4.077460853287415254e+00,4.414007987746782824e+00,0.000000000000000000e+00
4.286702296470171980e+00,4.341386924063940889e+00,4.396071551657709797e+00,1.749893297365269262e+01,1.777624254211678689e+01,1.805355211058087406e+01,1.833086167904495767e+01,2.000000000000000000e+00
1.000000000000000000e+03,1.000000000000000000e+03,1.000000000000000000e+03,1.000000000000000000e+03,1.000000000000000000e+03,2.034034877788817863e-02,9.945393026577373230e-02,0.000000000000000000e+00
2.421264398910845994e+00,2.486062233876868088e+00,2.550860068842890627e+00,8.079636960811637181e+00,8.403680222022510193e+00,8.727723483233379653e+00,9.051766744444257995e+00,2.000000000000000000e+00
1.000000000000000000e+03,1.000000000000000000e+03,1.000000000000000000e+03,1.000000000000000000e+03,1.000000000000000000e+03,1.000000000000000000e+03,1.000000000000000000e+03,0.000000000000000000e+00
5.944942484261890314e-01,6.659780277483164923e-01,7.374618070704438422e-01,8.089455863925713031e-01,8.804293657146988750e-01,9.519131450368261138e-01,1.186110877859287843e-01,0.000000000000000000e+00
3.416259422000519130e+00,3.474651672831663429e+00,3.533043923662806840e+00,1.300970691525770917e+01,1.330285231574886851e+01,1.359599771624003139e+01,1.388914311673119606e+01,2.000000000000000000e+00
1.000000000000000000e+03,1.000000000000000000e+03,1.000000000000000000e+03,1.000000000000000000e+03,1.000000000000000000e+03,1.000000000000000000e+03,1.000000000000000000e+03,0.000000000000000000e+00
1.602998829226533806e+00,1.670227384106224955e+00,1.737455938985915882e+00,4.036303895113618090e+00,4.373524592373425612e+00,4.710745289633230470e+00,5.047965986893037105e+00,2.000000000000000000e+00
1.594807206895638929e+00,1.648197524362774447e+00,1.701587841829909742e+00,3.788632029389852107e+00,4.056557025887670420e+00,4.324482022385486957e+00,4.592407018883306158e+00,0.000000000000000000e+00
8.939551333411511536e+00,8.983519132381491801e+00,9.027486931351472066e+00,9.071454730321454107e+00,9.115422529291436149e+00,9.159390328261418190e+00,9.203358127231398456e+00,0.000000000000000000e+00
5.387676307722599311e+00,5.427335839883023816e+00,5.466995372043447432e+00,2.330515915714602571e+01,2.351025159517788410e+01,2.371534403320973894e+01,2.392043647124159023e+01,0.000000000000000000e+00
1.780884163136938758e+00,1.813988430305414790e+00,1.847092697473891043e+00,4.412800060146914838e+00,4.578766418898218227e+00,4.744732777649517175e+00,4.910699136400819675e+00,0.000000000000000000e+00
3.521032840991339619e+00,3.544155850343886804e+00,3.567278859696434434e+00,1.299971959726549109e+01,1.311576073755898442e+01,1.323180187785248130e+01,1.334784301814598173e+01,2.000000000000000000e+00
1.000000000000000000e+03,1.000000000000000000e+03,1.000000000000000000e+03,1.000000000000000000e+03,1.000000000000000000e+03,1.000000000000000000e+03,1.000000000000000000e+03,0.000000000000000000e+00
